-- phpMyAdmin SQL Dump
-- version 5.2.0
-- https://www.phpmyadmin.net/
--
-- Host: localhost:3306
-- Generation Time: Nov 02, 2022 at 03:24 PM
-- Server version: 10.3.35-MariaDB-log
-- PHP Version: 8.0.19

SET SQL_MODE = "NO_AUTO_VALUE_ON_ZERO";
START TRANSACTION;
SET time_zone = "+00:00";


/*!40101 SET @OLD_CHARACTER_SET_CLIENT=@@CHARACTER_SET_CLIENT */;
/*!40101 SET @OLD_CHARACTER_SET_RESULTS=@@CHARACTER_SET_RESULTS */;
/*!40101 SET @OLD_COLLATION_CONNECTION=@@COLLATION_CONNECTION */;
/*!40101 SET NAMES utf8mb4 */;

--
-- Database: `forex_v6`
--

-- --------------------------------------------------------

--
-- Table structure for table `admins`
--

CREATE TABLE `admins` (
  `id` int(10) UNSIGNED NOT NULL,
  `name` varchar(191) COLLATE utf8mb4_unicode_ci NOT NULL,
  `username` varchar(100) COLLATE utf8mb4_unicode_ci NOT NULL,
  `email` varchar(191) COLLATE utf8mb4_unicode_ci NOT NULL,
  `image` varchar(191) COLLATE utf8mb4_unicode_ci NOT NULL,
  `password` varchar(191) COLLATE utf8mb4_unicode_ci NOT NULL,
  `remember_token` varchar(100) COLLATE utf8mb4_unicode_ci DEFAULT NULL,
  `created_at` timestamp NULL DEFAULT NULL,
  `updated_at` timestamp NULL DEFAULT NULL
) ENGINE=InnoDB DEFAULT CHARSET=utf8mb4 COLLATE=utf8mb4_unicode_ci;

--
-- Dumping data for table `admins`
--

INSERT INTO `admins` (`id`, `name`, `username`, `email`, `image`, `password`, `remember_token`, `created_at`, `updated_at`) VALUES
(1, 'Admin Rahman', 'admin', 'admin@gmail.com', '1645886307.png', '$2y$10$vzmtdYksO06ie0BS2ylbD.15.QBEdP5ebZpOUv2PYXu7e5fDI6Ay2', 'Qjo9KR6WRXK49itYATQ4qnN0dWOqZZ6DnZyPMPCu34NyyFf0RsanWOFqFgn3', NULL, '2022-02-26 08:38:27'),
(2, 'Lone Due', 'hellohasan', 'hellomrhasan@gmail.com', '1666150309.jpg', '$2y$10$Tr.4E7CWQdLA/h8e0zIPiuKgaedosfDB51r8hn/t8DfhwZk/XM4ZO', 'KYmS349qcJc1Txly2nJADh2SshzxrK4eGpEAX5v16NhxYMpQmB2bbse8Ua85', NULL, '2022-10-18 21:31:49');

-- --------------------------------------------------------

--
-- Table structure for table `assets`
--

CREATE TABLE `assets` (
  `id` int(10) UNSIGNED NOT NULL,
  `name` varchar(191) COLLATE utf8mb4_unicode_ci NOT NULL,
  `slug` varchar(191) COLLATE utf8mb4_unicode_ci NOT NULL,
  `status` tinyint(1) NOT NULL DEFAULT 0,
  `created_at` timestamp NULL DEFAULT NULL,
  `updated_at` timestamp NULL DEFAULT NULL
) ENGINE=InnoDB DEFAULT CHARSET=utf8mb4 COLLATE=utf8mb4_unicode_ci;

--
-- Dumping data for table `assets`
--

INSERT INTO `assets` (`id`, `name`, `slug`, `status`, `created_at`, `updated_at`) VALUES
(6, 'FOREX', 'forex', 1, '2018-11-11 16:37:18', '2018-11-11 16:37:18'),
(7, 'CRYPTO', 'crypto', 1, '2018-11-11 16:37:26', '2018-11-11 16:37:26');

-- --------------------------------------------------------

--
-- Table structure for table `basic_settings`
--

CREATE TABLE `basic_settings` (
  `id` int(10) UNSIGNED NOT NULL,
  `title` varchar(100) COLLATE utf8mb4_unicode_ci NOT NULL,
  `color` varchar(100) COLLATE utf8mb4_unicode_ci NOT NULL,
  `phone` varchar(100) COLLATE utf8mb4_unicode_ci NOT NULL,
  `email` varchar(100) COLLATE utf8mb4_unicode_ci NOT NULL,
  `address` varchar(100) COLLATE utf8mb4_unicode_ci NOT NULL,
  `currency` varchar(100) COLLATE utf8mb4_unicode_ci NOT NULL,
  `symbol` varchar(100) COLLATE utf8mb4_unicode_ci NOT NULL,
  `telegram_status` tinyint(1) NOT NULL DEFAULT 0,
  `email_alert` tinyint(1) NOT NULL DEFAULT 0,
  `phone_alert` tinyint(1) NOT NULL DEFAULT 0,
  `email_verify` tinyint(1) NOT NULL DEFAULT 0,
  `phone_verify` tinyint(1) NOT NULL DEFAULT 0,
  `register_status` tinyint(1) NOT NULL DEFAULT 0,
  `referral_commission_status` tinyint(1) NOT NULL DEFAULT 0,
  `google_analytic` blob DEFAULT NULL,
  `meta_tag` text COLLATE utf8mb4_unicode_ci NOT NULL,
  `author` varchar(191) COLLATE utf8mb4_unicode_ci NOT NULL,
  `description` text COLLATE utf8mb4_unicode_ci NOT NULL,
  `chat` blob DEFAULT NULL,
  `captcha_status` tinyint(1) NOT NULL DEFAULT 0,
  `captcha_secret` varchar(191) COLLATE utf8mb4_unicode_ci NOT NULL,
  `captcha_site` varchar(191) COLLATE utf8mb4_unicode_ci NOT NULL,
  `breadcrumb` varchar(100) COLLATE utf8mb4_unicode_ci NOT NULL,
  `subscribe_bg` varchar(100) COLLATE utf8mb4_unicode_ci NOT NULL,
  `counter_bg` varchar(100) COLLATE utf8mb4_unicode_ci NOT NULL,
  `speciality_bg` varchar(100) COLLATE utf8mb4_unicode_ci NOT NULL,
  `about` longblob NOT NULL,
  `terms` longblob NOT NULL,
  `short_about_img` varchar(191) COLLATE utf8mb4_unicode_ci NOT NULL,
  `short_title` varchar(191) COLLATE utf8mb4_unicode_ci NOT NULL,
  `short_about` text COLLATE utf8mb4_unicode_ci NOT NULL,
  `privacy` blob NOT NULL,
  `whatsapp_status` tinyint(1) DEFAULT 0,
  `tw_api` varchar(191) COLLATE utf8mb4_unicode_ci NOT NULL,
  `footer_text` text COLLATE utf8mb4_unicode_ci NOT NULL,
  `footer_image` varchar(100) COLLATE utf8mb4_unicode_ci NOT NULL,
  `copy_text` varchar(191) COLLATE utf8mb4_unicode_ci NOT NULL,
  `created_at` timestamp NULL DEFAULT NULL,
  `updated_at` timestamp NULL DEFAULT NULL
) ENGINE=InnoDB DEFAULT CHARSET=utf8mb4 COLLATE=utf8mb4_unicode_ci;

--
-- Dumping data for table `basic_settings`
--

INSERT INTO `basic_settings` (`id`, `title`, `color`, `phone`, `email`, `address`, `currency`, `symbol`, `telegram_status`, `email_alert`, `phone_alert`, `email_verify`, `phone_verify`, `register_status`, `referral_commission_status`, `google_analytic`, `meta_tag`, `author`, `description`, `chat`, `captcha_status`, `captcha_secret`, `captcha_site`, `breadcrumb`, `subscribe_bg`, `counter_bg`, `speciality_bg`, `about`, `terms`, `short_about_img`, `short_title`, `short_about`, `privacy`, `whatsapp_status`, `tw_api`, `footer_text`, `footer_image`, `copy_text`, `created_at`, `updated_at`) VALUES
(1, 'Forex Trade Premium Signal', 'f69021', '+8801571118839', 'softwarezon@hotmail.com', 'Jalabad, Sonkor Road, Malasia 1260', 'USD', '$', 1, 1, 1, 0, 0, 1, 1, NULL, 'bitcoin trade signal, coinpayment, crypto currency trade, crypto currency trading signal, cryptocurrency trade, forex, forex signal, forex trade, forex trade signal, live trade signal, telegram, telegram signal, trade idea, trade signal, trading signal', 'Softwarezon', 'Forex Trade is one of the leading and most professional team in providing Forex trading Signal and Trade', 0x3c212d2d5374617274206f66205461776b2e746f205363726970742d2d3e0d0a3c73637269707420747970653d22746578742f6a617661736372697074223e0d0a766172205461776b5f4150493d5461776b5f4150497c7c7b7d2c205461776b5f4c6f616453746172743d6e6577204461746528293b0d0a2866756e6374696f6e28297b0d0a7661722073313d646f63756d656e742e637265617465456c656d656e74282273637269707422292c73303d646f63756d656e742e676574456c656d656e747342795461674e616d65282273637269707422295b305d3b0d0a73312e6173796e633d747275653b0d0a73312e7372633d2768747470733a2f2f656d6265642e7461776b2e746f2f3538663835356464663762626161373237303963373365632f64656661756c74273b0d0a73312e636861727365743d275554462d38273b0d0a73312e736574417474726962757465282763726f73736f726967696e272c272a27293b0d0a73302e706172656e744e6f64652e696e736572744265666f72652873312c7330293b0d0a7d2928293b0d0a3c2f7363726970743e0d0a3c212d2d456e64206f66205461776b2e746f205363726970742d2d3e, 0, '6LdLbDwUAAAAAAJxk9AAI0HkNDAN865s-TSEZNbj', '6LdLbDwUAAAAAONd5PuyVZloSLxh3x86tirXpNGx', 'breadcrumb_1645735184.jpg', 'subscribe_1509795019.jpg', 'counter_1512834741.jpg', 'speciality_1510523084.jpg', 0x3c6831207374796c653d226d617267696e2d72696768743a203070783b206d617267696e2d626f74746f6d3a203070783b206d617267696e2d6c6566743a203070783b2070616464696e673a203070783b20666f6e742d7765696768743a203430303b20666f6e742d66616d696c793a204461757068696e506c61696e3b20666f6e742d73697a653a20373070783b206c696e652d6865696768743a20393070783b20636f6c6f723a2072676228302c20302c2030293b20746578742d616c69676e3a2063656e7465723b223e41626f75742055733c2f68313e3c6834207374796c653d226d617267696e3a20313070782031307078203570783b2070616464696e673a203070783b20666f6e742d7765696768743a203430303b20746578742d616c69676e3a2063656e7465723b206c696e652d6865696768743a20313870783b20666f6e742d73697a653a20313470783b20666f6e742d7374796c653a206974616c69633b20636f6c6f723a2072676228302c20302c2030293b20666f6e742d66616d696c793a2022206f70656e3d22222073616e73222c3d222220617269616c2c3d22222073616e732d73657269663b223d22223e224e6571756520706f72726f20717569737175616d206573742071756920646f6c6f72656d20697073756d207175696120646f6c6f722073697420616d65742c20636f6e73656374657475722c2061646970697363692076656c69742e2e2e223c2f68343e3c6835207374796c653d226d617267696e3a20357078203130707820323070783b2070616464696e673a203070783b20666f6e742d7765696768743a203430303b20746578742d616c69676e3a2063656e7465723b20666f6e742d73697a653a20313270783b206c696e652d6865696768743a20313470783b20636f6c6f723a2072676228302c20302c2030293b20666f6e742d66616d696c793a2022206f70656e3d22222073616e73222c3d222220617269616c2c3d22222073616e732d73657269663b223d22223e225468657265206973206e6f206f6e652077686f206c6f766573207061696e20697473656c662c2077686f207365656b7320616674657220697420616e642077616e747320746f20686176652069742c2073696d706c792062656361757365206974206973207061696e2e2e2e223c2f68353e3c6872207374796c653d226d617267696e3a203070783b2070616464696e673a203070783b20626f726465722d746f703a203070783b20636c6561723a20626f74683b206865696768743a203170783b206261636b67726f756e642d696d6167653a206c696e6561722d6772616469656e7428746f2072696768742c207267626128302c20302c20302c2030292c207267626128302c20302c20302c20302e3735292c207267626128302c20302c20302c203029293b20636f6c6f723a2072676228302c20302c2030293b20666f6e742d66616d696c793a2022206f70656e3d22222073616e73222c3d222220617269616c2c3d22222073616e732d73657269663b3d222220746578742d616c69676e3a3d22222063656e7465723b223d22223e3c6469762069643d22436f6e74656e7422207374796c653d226d617267696e3a203070783b2070616464696e673a203070783b20706f736974696f6e3a2072656c61746976653b20636f6c6f723a2072676228302c20302c2030293b20666f6e742d66616d696c793a2022206f70656e3d22222073616e73222c3d222220617269616c2c3d22222073616e732d73657269663b3d222220746578742d616c69676e3a3d22222063656e7465723b223d22223e3c6469762069643d2262616e6e65724c22207374796c653d226d617267696e3a203070782030707820307078202d31363070783b2070616464696e673a203070783b20706f736974696f6e3a20737469636b793b20746f703a20323070783b2077696474683a2031363070783b206865696768743a20313070783b20666c6f61743a206c6566743b20746578742d616c69676e3a2072696768743b223e3c2f6469763e3c6469762069643d2262616e6e65725222207374796c653d226d617267696e3a20307078202d313630707820307078203070783b2070616464696e673a203070783b20706f736974696f6e3a20737469636b793b20746f703a20323070783b2077696474683a2031363070783b206865696768743a20313070783b20666c6f61743a2072696768743b20746578742d616c69676e3a206c6566743b223e3c2f6469763e3c6469762069643d2250616e657322207374796c653d226d617267696e3a203135707820307078203070783b2070616464696e673a203070783b223e3c646976207374796c653d226d617267696e3a203070782031342e333930367078203070782032382e3739363970783b2070616464696e673a203070783b2077696474683a203433362e37393770783b20746578742d616c69676e3a206c6566743b20666c6f61743a206c6566743b223e3c6832207374796c653d226d617267696e2d72696768743a203070783b206d617267696e2d626f74746f6d3a20313070783b206d617267696e2d6c6566743a203070783b2070616464696e673a203070783b20666f6e742d7765696768743a203430303b206c696e652d6865696768743a20323470783b20666f6e742d66616d696c793a204461757068696e506c61696e3b20666f6e742d73697a653a20323470783b223e57686174206973204c6f72656d20497073756d3f3c2f68323e3c70207374796c653d226d617267696e2d72696768743a203070783b206d617267696e2d626f74746f6d3a20313570783b206d617267696e2d6c6566743a203070783b2070616464696e673a203070783b20746578742d616c69676e3a206a7573746966793b223e3c7374726f6e67207374796c653d226d617267696e3a203070783b2070616464696e673a203070783b223e4c6f72656d20497073756d3c2f7374726f6e673e266e6273703b69732073696d706c792064756d6d792074657874206f6620746865207072696e74696e6720616e64207479706573657474696e6720696e6475737472792e204c6f72656d20497073756d20686173206265656e2074686520696e6475737472792773207374616e646172642064756d6d79207465787420657665722073696e6365207468652031353030732c207768656e20616e20756e6b6e6f776e207072696e74657220746f6f6b20612067616c6c6579206f66207479706520616e6420736372616d626c656420697420746f206d616b65206120747970652073706563696d656e20626f6f6b2e20497420686173207375727669766564206e6f74206f6e6c7920666976652063656e7475726965732c2062757420616c736f20746865206c65617020696e746f20656c656374726f6e6963207479706573657474696e672c2072656d61696e696e6720657373656e7469616c6c7920756e6368616e6765642e2049742077617320706f70756c61726973656420696e207468652031393630732077697468207468652072656c65617365206f66204c657472617365742073686565747320636f6e7461696e696e67204c6f72656d20497073756d2070617373616765732c20616e64206d6f726520726563656e746c792077697468206465736b746f70207075626c697368696e6720736f667477617265206c696b6520416c64757320506167654d616b657220696e636c7564696e672076657273696f6e73206f66204c6f72656d20497073756d2e3c2f703e3c2f6469763e3c646976207374796c653d226d617267696e3a203070782032382e373936397078203070782031342e3339303670783b2070616464696e673a203070783b2077696474683a203433362e37393770783b20746578742d616c69676e3a206c6566743b20666c6f61743a2072696768743b223e3c6832207374796c653d226d617267696e2d72696768743a203070783b206d617267696e2d626f74746f6d3a20313070783b206d617267696e2d6c6566743a203070783b2070616464696e673a203070783b20666f6e742d7765696768743a203430303b206c696e652d6865696768743a20323470783b20666f6e742d66616d696c793a204461757068696e506c61696e3b20666f6e742d73697a653a20323470783b223e57687920646f207765207573652069743f3c2f68323e3c70207374796c653d226d617267696e2d72696768743a203070783b206d617267696e2d626f74746f6d3a20313570783b206d617267696e2d6c6566743a203070783b2070616464696e673a203070783b20746578742d616c69676e3a206a7573746966793b223e49742069732061206c6f6e672065737461626c6973686564206661637420746861742061207265616465722077696c6c206265206469737472616374656420627920746865207265616461626c6520636f6e74656e74206f6620612070616765207768656e206c6f6f6b696e6720617420697473206c61796f75742e2054686520706f696e74206f66207573696e67204c6f72656d20497073756d2069732074686174206974206861732061206d6f72652d6f722d6c657373206e6f726d616c20646973747269627574696f6e206f66206c6574746572732c206173206f70706f73656420746f207573696e672027436f6e74656e7420686572652c20636f6e74656e742068657265272c206d616b696e67206974206c6f6f6b206c696b65207265616461626c6520456e676c6973682e204d616e79206465736b746f70207075626c697368696e67207061636b6167657320616e6420776562207061676520656469746f7273206e6f7720757365204c6f72656d20497073756d2061732074686569722064656661756c74206d6f64656c20746578742c20616e6420612073656172636820666f7220276c6f72656d20697073756d272077696c6c20756e636f766572206d616e7920776562207369746573207374696c6c20696e20746865697220696e66616e63792e20566172696f75732076657273696f6e7320686176652065766f6c766564206f766572207468652079656172732c20736f6d6574696d6573206279206163636964656e742c20736f6d6574696d6573206f6e20707572706f73652028696e6a65637465642068756d6f757220616e6420746865206c696b65292e3c2f703e3c2f6469763e3c6272207374796c653d226d617267696e3a203070783b2070616464696e673a203070783b20636c6561723a20626f74683b223e3c646976207374796c653d226d617267696e3a203070782031342e333930367078203070782032382e3739363970783b2070616464696e673a203070783b2077696474683a203433362e37393770783b20746578742d616c69676e3a206c6566743b20666c6f61743a206c6566743b223e3c6832207374796c653d226d617267696e2d72696768743a203070783b206d617267696e2d626f74746f6d3a20313070783b206d617267696e2d6c6566743a203070783b2070616464696e673a203070783b20666f6e742d7765696768743a203430303b206c696e652d6865696768743a20323470783b20666f6e742d66616d696c793a204461757068696e506c61696e3b20666f6e742d73697a653a20323470783b223e576865726520646f657320697420636f6d652066726f6d3f3c2f68323e3c70207374796c653d226d617267696e2d72696768743a203070783b206d617267696e2d626f74746f6d3a20313570783b206d617267696e2d6c6566743a203070783b2070616464696e673a203070783b20746578742d616c69676e3a206a7573746966793b223e436f6e747261727920746f20706f70756c61722062656c6965662c204c6f72656d20497073756d206973206e6f742073696d706c792072616e646f6d20746578742e2049742068617320726f6f747320696e2061207069656365206f6620636c6173736963616c204c6174696e206c6974657261747572652066726f6d2034352042432c206d616b696e67206974206f7665722032303030207965617273206f6c642e2052696368617264204d63436c696e746f636b2c2061204c6174696e2070726f666573736f722061742048616d7064656e2d5379646e657920436f6c6c65676520696e2056697267696e69612c206c6f6f6b6564207570206f6e65206f6620746865206d6f7265206f627363757265204c6174696e20776f7264732c20636f6e73656374657475722c2066726f6d2061204c6f72656d20497073756d20706173736167652c20616e6420676f696e67207468726f75676820746865206369746573206f662074686520776f726420696e20636c6173736963616c206c6974657261747572652c20646973636f76657265642074686520756e646f75627461626c6520736f757263652e204c6f72656d20497073756d20636f6d65732066726f6d2073656374696f6e7320312e31302e333220616e6420312e31302e3333206f66202264652046696e6962757320426f6e6f72756d206574204d616c6f72756d2220285468652045787472656d6573206f6620476f6f6420616e64204576696c292062792043696365726f2c207772697474656e20696e2034352042432e205468697320626f6f6b2069732061207472656174697365206f6e20746865207468656f7279206f66206574686963732c207665727920706f70756c617220647572696e67207468652052656e61697373616e63652e20546865206669727374206c696e65206f66204c6f72656d20497073756d2c20224c6f72656d20697073756d20646f6c6f722073697420616d65742e2e222c20636f6d65732066726f6d2061206c696e6520696e2073656374696f6e20312e31302e33322e3c2f703e3c70207374796c653d226d617267696e2d72696768743a203070783b206d617267696e2d626f74746f6d3a20313570783b206d617267696e2d6c6566743a203070783b2070616464696e673a203070783b20746578742d616c69676e3a206a7573746966793b223e546865207374616e64617264206368756e6b206f66204c6f72656d20497073756d20757365642073696e63652074686520313530307320697320726570726f64756365642062656c6f7720666f722074686f736520696e74657265737465642e2053656374696f6e7320312e31302e333220616e6420312e31302e33332066726f6d202264652046696e6962757320426f6e6f72756d206574204d616c6f72756d222062792043696365726f2061726520616c736f20726570726f647563656420696e207468656972206578616374206f726967696e616c20666f726d2c206163636f6d70616e69656420627920456e676c6973682076657273696f6e732066726f6d207468652031393134207472616e736c6174696f6e20627920482e205261636b68616d2e3c2f703e3c2f6469763e3c646976207374796c653d226d617267696e3a203070782032382e373936397078203070782031342e3339303670783b2070616464696e673a203070783b2077696474683a203433362e37393770783b20746578742d616c69676e3a206c6566743b20666c6f61743a2072696768743b223e3c6832207374796c653d226d617267696e2d72696768743a203070783b206d617267696e2d626f74746f6d3a20313070783b206d617267696e2d6c6566743a203070783b2070616464696e673a203070783b20666f6e742d7765696768743a203430303b206c696e652d6865696768743a20323470783b20666f6e742d66616d696c793a204461757068696e506c61696e3b20666f6e742d73697a653a20323470783b223e57686572652063616e20492067657420736f6d653f3c2f68323e3c70207374796c653d226d617267696e2d72696768743a203070783b206d617267696e2d626f74746f6d3a20313570783b206d617267696e2d6c6566743a203070783b2070616464696e673a203070783b20746578742d616c69676e3a206a7573746966793b223e546865726520617265206d616e7920766172696174696f6e73206f66207061737361676573206f66204c6f72656d20497073756d20617661696c61626c652c2062757420746865206d616a6f72697479206861766520737566666572656420616c7465726174696f6e20696e20736f6d6520666f726d2c20627920696e6a65637465642068756d6f75722c206f722072616e646f6d6973656420776f72647320776869636820646f6e2774206c6f6f6b206576656e20736c696768746c792062656c69657661626c652e20496620796f752061726520676f696e6720746f2075736520612070617373616765206f66204c6f72656d20497073756d2c20796f75206e65656420746f20626520737572652074686572652069736e277420616e797468696e6720656d62617272617373696e672068696464656e20696e20746865206d6964646c65206f6620746578742e20416c6c20746865204c6f72656d20497073756d2067656e657261746f7273206f6e2074686520496e7465726e65742074656e6420746f2072657065617420707265646566696e6564206368756e6b73206173206e65636573736172792c206d616b696e6720746869732074686520666972737420747275652067656e657261746f72206f6e2074686520496e7465726e65742e204974207573657320612064696374696f6e617279206f66206f76657220323030204c6174696e20776f7264732c20636f6d62696e6564207769746820612068616e6466756c206f66206d6f64656c2073656e74656e636520737472756374757265732c20746f2067656e6572617465204c6f72656d20497073756d207768696368206c6f6f6b7320726561736f6e61626c652e205468652067656e657261746564204c6f72656d20497073756d206973207468657265666f726520616c7761797320667265652066726f6d2072657065746974696f6e2c20696e6a65637465642068756d6f75722c206f72206e6f6e2d636861726163746572697374696320776f726473206574632e3c2f703e3c2f6469763e3c2f6469763e3c2f6469763e0d0a0d0a0d0a0d0a3c736372697074206173796e633d2222207372633d222f2f706167656164322e676f6f676c6573796e6469636174696f6e2e636f6d2f7061676561642f6a732f6164736279676f6f676c652e6a73223e3c2f7363726970743e0d0a3c7363726970743e0d0a2020202020286164736279676f6f676c65203d2077696e646f772e6164736279676f6f676c65207c7c205b5d292e70757368287b0d0a20202020202020202020676f6f676c655f61645f636c69656e743a202263612d7075622d33363334383939343031353731373233222c0d0a20202020202020202020656e61626c655f706167655f6c6576656c5f6164733a20747275650d0a20202020207d293b0d0a3c2f7363726970743e0d0a0d0a3c736372697074206173796e633d2222207372633d222f2f706167656164322e676f6f676c6573796e6469636174696f6e2e636f6d2f7061676561642f6a732f6164736279676f6f676c652e6a73223e3c2f7363726970743e0d0a3c7363726970743e0d0a2020286164736279676f6f676c65203d2077696e646f772e6164736279676f6f676c65207c7c205b5d292e70757368287b0d0a20202020676f6f676c655f61645f636c69656e743a202263612d7075622d33363334383939343031353731373233222c0d0a20202020656e61626c655f706167655f6c6576656c5f6164733a20747275650d0a20207d293b0d0a3c2f7363726970743e0d0a0d0a3c736372697074206173796e633d2222207372633d222f2f706167656164322e676f6f676c6573796e6469636174696f6e2e636f6d2f7061676561642f6a732f6164736279676f6f676c652e6a73223e3c2f7363726970743e0d0a3c7363726970743e0d0a2020286164736279676f6f676c65203d2077696e646f772e6164736279676f6f676c65207c7c205b5d292e70757368287b0d0a20202020676f6f676c655f61645f636c69656e743a202263612d7075622d33363334383939343031353731373233222c0d0a20202020656e61626c655f706167655f6c6576656c5f6164733a20747275650d0a20207d293b0d0a3c2f7363726970743e, 0x3c6834207374796c653d226d617267696e3a20313070782031307078203570783b2070616464696e673a203070783b20666f6e742d7765696768743a203430303b20746578742d616c69676e3a2063656e7465723b206c696e652d6865696768743a20313870783b20666f6e742d73697a653a20313470783b20666f6e742d7374796c653a206974616c69633b20636f6c6f723a2072676228302c20302c2030293b20666f6e742d66616d696c793a202671756f743b4f70656e2053616e732671756f743b2c20417269616c2c2073616e732d73657269663b223e224e6571756520706f72726f20717569737175616d206573742071756920646f6c6f72656d20697073756d207175696120646f6c6f722073697420616d65742c20636f6e73656374657475722c2061646970697363692076656c69742e2e2e223c2f68343e3c6835207374796c653d226d617267696e3a20357078203130707820323070783b2070616464696e673a203070783b20666f6e742d7765696768743a203430303b20746578742d616c69676e3a2063656e7465723b20666f6e742d73697a653a20313270783b206c696e652d6865696768743a20313470783b20636f6c6f723a2072676228302c20302c2030293b20666f6e742d66616d696c793a202671756f743b4f70656e2053616e732671756f743b2c20417269616c2c2073616e732d73657269663b223e225468657265206973206e6f206f6e652077686f206c6f766573207061696e20697473656c662c2077686f207365656b7320616674657220697420616e642077616e747320746f20686176652069742c2073696d706c792062656361757365206974206973207061696e2e2e2e223c2f68353e3c6872207374796c653d226d617267696e3a203070783b2070616464696e673a203070783b20626f726465722d746f703a203070783b20636c6561723a20626f74683b206865696768743a203170783b206261636b67726f756e642d696d6167653a206c696e6561722d6772616469656e7428746f2072696768742c207267626128302c20302c20302c2030292c207267626128302c20302c20302c20302e3735292c207267626128302c20302c20302c203029293b20636f6c6f723a2072676228302c20302c2030293b20666f6e742d66616d696c793a202671756f743b4f70656e2053616e732671756f743b2c20417269616c2c2073616e732d73657269663b20746578742d616c69676e3a2063656e7465723b223e3c6469762069643d22436f6e74656e7422207374796c653d226d617267696e3a203070783b2070616464696e673a203070783b20706f736974696f6e3a2072656c61746976653b20636f6c6f723a2072676228302c20302c2030293b20666f6e742d66616d696c793a202671756f743b4f70656e2053616e732671756f743b2c20417269616c2c2073616e732d73657269663b20746578742d616c69676e3a2063656e7465723b223e3c6469762069643d2262616e6e65724c22207374796c653d226d617267696e3a203070782030707820307078202d31363070783b2070616464696e673a203070783b20706f736974696f6e3a20737469636b793b20746f703a20323070783b2077696474683a2031363070783b206865696768743a20313070783b20666c6f61743a206c6566743b20746578742d616c69676e3a2072696768743b223e3c2f6469763e3c6469762069643d2262616e6e65725222207374796c653d226d617267696e3a20307078202d313630707820307078203070783b2070616464696e673a203070783b20706f736974696f6e3a20737469636b793b20746f703a20323070783b2077696474683a2031363070783b206865696768743a20313070783b20666c6f61743a2072696768743b20746578742d616c69676e3a206c6566743b223e3c2f6469763e3c6469762069643d2250616e657322207374796c653d226d617267696e3a203135707820307078203070783b2070616464696e673a203070783b223e3c646976207374796c653d226d617267696e3a203070782031342e333930367078203070782032382e3739363970783b2070616464696e673a203070783b2077696474683a203433362e37393770783b20746578742d616c69676e3a206c6566743b20666c6f61743a206c6566743b223e3c6832207374796c653d226d617267696e2d72696768743a203070783b206d617267696e2d626f74746f6d3a20313070783b206d617267696e2d6c6566743a203070783b2070616464696e673a203070783b20666f6e742d7765696768743a203430303b206c696e652d6865696768743a20323470783b20666f6e742d66616d696c793a204461757068696e506c61696e3b20666f6e742d73697a653a20323470783b223e57686174206973204c6f72656d20497073756d3f3c2f68323e3c70207374796c653d226d617267696e2d72696768743a203070783b206d617267696e2d626f74746f6d3a20313570783b206d617267696e2d6c6566743a203070783b2070616464696e673a203070783b20746578742d616c69676e3a206a7573746966793b223e3c7374726f6e67207374796c653d226d617267696e3a203070783b2070616464696e673a203070783b223e4c6f72656d20497073756d3c2f7374726f6e673e266e6273703b69732073696d706c792064756d6d792074657874206f6620746865207072696e74696e6720616e64207479706573657474696e6720696e6475737472792e204c6f72656d20497073756d20686173206265656e2074686520696e6475737472792773207374616e646172642064756d6d79207465787420657665722073696e6365207468652031353030732c207768656e20616e20756e6b6e6f776e207072696e74657220746f6f6b20612067616c6c6579206f66207479706520616e6420736372616d626c656420697420746f206d616b65206120747970652073706563696d656e20626f6f6b2e20497420686173207375727669766564206e6f74206f6e6c7920666976652063656e7475726965732c2062757420616c736f20746865206c65617020696e746f20656c656374726f6e6963207479706573657474696e672c2072656d61696e696e6720657373656e7469616c6c7920756e6368616e6765642e2049742077617320706f70756c61726973656420696e207468652031393630732077697468207468652072656c65617365206f66204c657472617365742073686565747320636f6e7461696e696e67204c6f72656d20497073756d2070617373616765732c20616e64206d6f726520726563656e746c792077697468206465736b746f70207075626c697368696e6720736f667477617265206c696b6520416c64757320506167654d616b657220696e636c7564696e672076657273696f6e73206f66204c6f72656d20497073756d2e3c2f703e3c2f6469763e3c646976207374796c653d226d617267696e3a203070782032382e373936397078203070782031342e3339303670783b2070616464696e673a203070783b2077696474683a203433362e37393770783b20746578742d616c69676e3a206c6566743b20666c6f61743a2072696768743b223e3c6832207374796c653d226d617267696e2d72696768743a203070783b206d617267696e2d626f74746f6d3a20313070783b206d617267696e2d6c6566743a203070783b2070616464696e673a203070783b20666f6e742d7765696768743a203430303b206c696e652d6865696768743a20323470783b20666f6e742d66616d696c793a204461757068696e506c61696e3b20666f6e742d73697a653a20323470783b223e57687920646f207765207573652069743f3c2f68323e3c70207374796c653d226d617267696e2d72696768743a203070783b206d617267696e2d626f74746f6d3a20313570783b206d617267696e2d6c6566743a203070783b2070616464696e673a203070783b20746578742d616c69676e3a206a7573746966793b223e49742069732061206c6f6e672065737461626c6973686564206661637420746861742061207265616465722077696c6c206265206469737472616374656420627920746865207265616461626c6520636f6e74656e74206f6620612070616765207768656e206c6f6f6b696e6720617420697473206c61796f75742e2054686520706f696e74206f66207573696e67204c6f72656d20497073756d2069732074686174206974206861732061206d6f72652d6f722d6c657373206e6f726d616c20646973747269627574696f6e206f66206c6574746572732c206173206f70706f73656420746f207573696e672027436f6e74656e7420686572652c20636f6e74656e742068657265272c206d616b696e67206974206c6f6f6b206c696b65207265616461626c6520456e676c6973682e204d616e79206465736b746f70207075626c697368696e67207061636b6167657320616e6420776562207061676520656469746f7273206e6f7720757365204c6f72656d20497073756d2061732074686569722064656661756c74206d6f64656c20746578742c20616e6420612073656172636820666f7220276c6f72656d20697073756d272077696c6c20756e636f766572206d616e7920776562207369746573207374696c6c20696e20746865697220696e66616e63792e20566172696f75732076657273696f6e7320686176652065766f6c766564206f766572207468652079656172732c20736f6d6574696d6573206279206163636964656e742c20736f6d6574696d6573206f6e20707572706f73652028696e6a65637465642068756d6f757220616e6420746865206c696b65292e3c2f703e3c2f6469763e3c6272207374796c653d226d617267696e3a203070783b2070616464696e673a203070783b20636c6561723a20626f74683b223e3c646976207374796c653d226d617267696e3a203070782031342e333930367078203070782032382e3739363970783b2070616464696e673a203070783b2077696474683a203433362e37393770783b20746578742d616c69676e3a206c6566743b20666c6f61743a206c6566743b223e3c6832207374796c653d226d617267696e2d72696768743a203070783b206d617267696e2d626f74746f6d3a20313070783b206d617267696e2d6c6566743a203070783b2070616464696e673a203070783b20666f6e742d7765696768743a203430303b206c696e652d6865696768743a20323470783b20666f6e742d66616d696c793a204461757068696e506c61696e3b20666f6e742d73697a653a20323470783b223e576865726520646f657320697420636f6d652066726f6d3f3c2f68323e3c70207374796c653d226d617267696e2d72696768743a203070783b206d617267696e2d626f74746f6d3a20313570783b206d617267696e2d6c6566743a203070783b2070616464696e673a203070783b20746578742d616c69676e3a206a7573746966793b223e436f6e747261727920746f20706f70756c61722062656c6965662c204c6f72656d20497073756d206973206e6f742073696d706c792072616e646f6d20746578742e2049742068617320726f6f747320696e2061207069656365206f6620636c6173736963616c204c6174696e206c6974657261747572652066726f6d2034352042432c206d616b696e67206974206f7665722032303030207965617273206f6c642e2052696368617264204d63436c696e746f636b2c2061204c6174696e2070726f666573736f722061742048616d7064656e2d5379646e657920436f6c6c65676520696e2056697267696e69612c206c6f6f6b6564207570206f6e65206f6620746865206d6f7265206f627363757265204c6174696e20776f7264732c20636f6e73656374657475722c2066726f6d2061204c6f72656d20497073756d20706173736167652c20616e6420676f696e67207468726f75676820746865206369746573206f662074686520776f726420696e20636c6173736963616c206c6974657261747572652c20646973636f76657265642074686520756e646f75627461626c6520736f757263652e204c6f72656d20497073756d20636f6d65732066726f6d2073656374696f6e7320312e31302e333220616e6420312e31302e3333206f66202264652046696e6962757320426f6e6f72756d206574204d616c6f72756d2220285468652045787472656d6573206f6620476f6f6420616e64204576696c292062792043696365726f2c207772697474656e20696e2034352042432e205468697320626f6f6b2069732061207472656174697365206f6e20746865207468656f7279206f66206574686963732c207665727920706f70756c617220647572696e67207468652052656e61697373616e63652e20546865206669727374206c696e65206f66204c6f72656d20497073756d2c20224c6f72656d20697073756d20646f6c6f722073697420616d65742e2e222c20636f6d65732066726f6d2061206c696e6520696e2073656374696f6e20312e31302e33322e3c2f703e3c70207374796c653d226d617267696e2d72696768743a203070783b206d617267696e2d626f74746f6d3a20313570783b206d617267696e2d6c6566743a203070783b2070616464696e673a203070783b20746578742d616c69676e3a206a7573746966793b223e546865207374616e64617264206368756e6b206f66204c6f72656d20497073756d20757365642073696e63652074686520313530307320697320726570726f64756365642062656c6f7720666f722074686f736520696e74657265737465642e2053656374696f6e7320312e31302e333220616e6420312e31302e33332066726f6d202264652046696e6962757320426f6e6f72756d206574204d616c6f72756d222062792043696365726f2061726520616c736f20726570726f647563656420696e207468656972206578616374206f726967696e616c20666f726d2c206163636f6d70616e69656420627920456e676c6973682076657273696f6e732066726f6d207468652031393134207472616e736c6174696f6e20627920482e205261636b68616d2e3c2f703e3c2f6469763e3c646976207374796c653d226d617267696e3a203070782032382e373936397078203070782031342e3339303670783b2070616464696e673a203070783b2077696474683a203433362e37393770783b20746578742d616c69676e3a206c6566743b20666c6f61743a2072696768743b223e3c6832207374796c653d226d617267696e2d72696768743a203070783b206d617267696e2d626f74746f6d3a20313070783b206d617267696e2d6c6566743a203070783b2070616464696e673a203070783b20666f6e742d7765696768743a203430303b206c696e652d6865696768743a20323470783b20666f6e742d66616d696c793a204461757068696e506c61696e3b20666f6e742d73697a653a20323470783b223e57686572652063616e20492067657420736f6d653f3c2f68323e3c70207374796c653d226d617267696e2d72696768743a203070783b206d617267696e2d626f74746f6d3a20313570783b206d617267696e2d6c6566743a203070783b2070616464696e673a203070783b20746578742d616c69676e3a206a7573746966793b223e546865726520617265206d616e7920766172696174696f6e73206f66207061737361676573206f66204c6f72656d20497073756d20617661696c61626c652c2062757420746865206d616a6f72697479206861766520737566666572656420616c7465726174696f6e20696e20736f6d6520666f726d2c20627920696e6a65637465642068756d6f75722c206f722072616e646f6d6973656420776f72647320776869636820646f6e2774206c6f6f6b206576656e20736c696768746c792062656c69657661626c652e20496620796f752061726520676f696e6720746f2075736520612070617373616765206f66204c6f72656d20497073756d2c20796f75206e65656420746f20626520737572652074686572652069736e277420616e797468696e6720656d62617272617373696e672068696464656e20696e20746865206d6964646c65206f6620746578742e20416c6c20746865204c6f72656d20497073756d2067656e657261746f7273206f6e2074686520496e7465726e65742074656e6420746f2072657065617420707265646566696e6564206368756e6b73206173206e65636573736172792c206d616b696e6720746869732074686520666972737420747275652067656e657261746f72206f6e2074686520496e7465726e65742e204974207573657320612064696374696f6e617279206f66206f76657220323030204c6174696e20776f7264732c20636f6d62696e6564207769746820612068616e6466756c206f66206d6f64656c2073656e74656e636520737472756374757265732c20746f2067656e6572617465204c6f72656d20497073756d207768696368206c6f6f6b7320726561736f6e61626c652e205468652067656e657261746564204c6f72656d20497073756d206973207468657265666f726520616c7761797320667265652066726f6d2072657065746974696f6e2c20696e6a65637465642068756d6f75722c206f72206e6f6e2d636861726163746572697374696320776f726473206574632e3c2f703e3c2f6469763e3c2f6469763e3c2f6469763e, 'sallhlpSaOvBzywNkuU4.png', 'About Company', 'What is Lorem Ipsum?\r\nLorem Ipsum is simply dummy text of the printing and typesetting industry. Lorem Ipsum has been the industry\'s standard dummy text ever since the 1500s, when an unknown printer took a galley of type and scrambled it to make a type specimen book. It has survived not only five centuries, but also the leap into electronic typesetting, remaining essentially unchanged. It was popularised in the 1960s with the release of Letraset sheets containing Lorem Ipsum passages, and more recently with desktop publishing software like Aldus PageMaker including versions of Lorem Ipsum.\r\n\r\nWhy do we use it?\r\nIt is a long established fact that a reader will be distracted by the readable content of a page&nbsp;', 0x3c6834207374796c653d226d617267696e3a20313070782031307078203570783b2070616464696e673a203070783b20666f6e742d7765696768743a203430303b20746578742d616c69676e3a2063656e7465723b206c696e652d6865696768743a20313870783b20666f6e742d73697a653a20313470783b20666f6e742d7374796c653a206974616c69633b20636f6c6f723a2072676228302c20302c2030293b20666f6e742d66616d696c793a202671756f743b4f70656e2053616e732671756f743b2c20417269616c2c2073616e732d73657269663b223e224e6571756520706f72726f20717569737175616d206573742071756920646f6c6f72656d20697073756d207175696120646f6c6f722073697420616d65742c20636f6e73656374657475722c2061646970697363692076656c69742e2e2e223c2f68343e3c6835207374796c653d226d617267696e3a20357078203130707820323070783b2070616464696e673a203070783b20666f6e742d7765696768743a203430303b20746578742d616c69676e3a2063656e7465723b20666f6e742d73697a653a20313270783b206c696e652d6865696768743a20313470783b20636f6c6f723a2072676228302c20302c2030293b20666f6e742d66616d696c793a202671756f743b4f70656e2053616e732671756f743b2c20417269616c2c2073616e732d73657269663b223e225468657265206973206e6f206f6e652077686f206c6f766573207061696e20697473656c662c2077686f207365656b7320616674657220697420616e642077616e747320746f20686176652069742c2073696d706c792062656361757365206974206973207061696e2e2e2e223c2f68353e3c6872207374796c653d226d617267696e3a203070783b2070616464696e673a203070783b20626f726465722d746f703a203070783b20636c6561723a20626f74683b206865696768743a203170783b206261636b67726f756e642d696d6167653a206c696e6561722d6772616469656e7428746f2072696768742c207267626128302c20302c20302c2030292c207267626128302c20302c20302c20302e3735292c207267626128302c20302c20302c203029293b20636f6c6f723a2072676228302c20302c2030293b20666f6e742d66616d696c793a202671756f743b4f70656e2053616e732671756f743b2c20417269616c2c2073616e732d73657269663b20746578742d616c69676e3a2063656e7465723b223e3c6469762069643d22436f6e74656e7422207374796c653d226d617267696e3a203070783b2070616464696e673a203070783b20706f736974696f6e3a2072656c61746976653b20636f6c6f723a2072676228302c20302c2030293b20666f6e742d66616d696c793a202671756f743b4f70656e2053616e732671756f743b2c20417269616c2c2073616e732d73657269663b20746578742d616c69676e3a2063656e7465723b223e3c6469762069643d2262616e6e65724c22207374796c653d226d617267696e3a203070782030707820307078202d31363070783b2070616464696e673a203070783b20706f736974696f6e3a20737469636b793b20746f703a20323070783b2077696474683a2031363070783b206865696768743a20313070783b20666c6f61743a206c6566743b20746578742d616c69676e3a2072696768743b223e3c2f6469763e3c6469762069643d2262616e6e65725222207374796c653d226d617267696e3a20307078202d313630707820307078203070783b2070616464696e673a203070783b20706f736974696f6e3a20737469636b793b20746f703a20323070783b2077696474683a2031363070783b206865696768743a20313070783b20666c6f61743a2072696768743b20746578742d616c69676e3a206c6566743b223e3c2f6469763e3c6469762069643d2250616e657322207374796c653d226d617267696e3a203135707820307078203070783b2070616464696e673a203070783b223e3c646976207374796c653d226d617267696e3a203070782031342e333930367078203070782032382e3739363970783b2070616464696e673a203070783b2077696474683a203433362e37393770783b20746578742d616c69676e3a206c6566743b20666c6f61743a206c6566743b223e3c6832207374796c653d226d617267696e2d72696768743a203070783b206d617267696e2d626f74746f6d3a20313070783b206d617267696e2d6c6566743a203070783b2070616464696e673a203070783b20666f6e742d7765696768743a203430303b206c696e652d6865696768743a20323470783b20666f6e742d66616d696c793a204461757068696e506c61696e3b20666f6e742d73697a653a20323470783b223e57686174206973204c6f72656d20497073756d3f3c2f68323e3c70207374796c653d226d617267696e2d72696768743a203070783b206d617267696e2d626f74746f6d3a20313570783b206d617267696e2d6c6566743a203070783b2070616464696e673a203070783b20746578742d616c69676e3a206a7573746966793b223e3c7374726f6e67207374796c653d226d617267696e3a203070783b2070616464696e673a203070783b223e4c6f72656d20497073756d3c2f7374726f6e673e266e6273703b69732073696d706c792064756d6d792074657874206f6620746865207072696e74696e6720616e64207479706573657474696e6720696e6475737472792e204c6f72656d20497073756d20686173206265656e2074686520696e6475737472792773207374616e646172642064756d6d79207465787420657665722073696e6365207468652031353030732c207768656e20616e20756e6b6e6f776e207072696e74657220746f6f6b20612067616c6c6579206f66207479706520616e6420736372616d626c656420697420746f206d616b65206120747970652073706563696d656e20626f6f6b2e20497420686173207375727669766564206e6f74206f6e6c7920666976652063656e7475726965732c2062757420616c736f20746865206c65617020696e746f20656c656374726f6e6963207479706573657474696e672c2072656d61696e696e6720657373656e7469616c6c7920756e6368616e6765642e2049742077617320706f70756c61726973656420696e207468652031393630732077697468207468652072656c65617365206f66204c657472617365742073686565747320636f6e7461696e696e67204c6f72656d20497073756d2070617373616765732c20616e64206d6f726520726563656e746c792077697468206465736b746f70207075626c697368696e6720736f667477617265206c696b6520416c64757320506167654d616b657220696e636c7564696e672076657273696f6e73206f66204c6f72656d20497073756d2e3c2f703e3c2f6469763e3c646976207374796c653d226d617267696e3a203070782032382e373936397078203070782031342e3339303670783b2070616464696e673a203070783b2077696474683a203433362e37393770783b20746578742d616c69676e3a206c6566743b20666c6f61743a2072696768743b223e3c6832207374796c653d226d617267696e2d72696768743a203070783b206d617267696e2d626f74746f6d3a20313070783b206d617267696e2d6c6566743a203070783b2070616464696e673a203070783b20666f6e742d7765696768743a203430303b206c696e652d6865696768743a20323470783b20666f6e742d66616d696c793a204461757068696e506c61696e3b20666f6e742d73697a653a20323470783b223e57687920646f207765207573652069743f3c2f68323e3c70207374796c653d226d617267696e2d72696768743a203070783b206d617267696e2d626f74746f6d3a20313570783b206d617267696e2d6c6566743a203070783b2070616464696e673a203070783b20746578742d616c69676e3a206a7573746966793b223e49742069732061206c6f6e672065737461626c6973686564206661637420746861742061207265616465722077696c6c206265206469737472616374656420627920746865207265616461626c6520636f6e74656e74206f6620612070616765207768656e206c6f6f6b696e6720617420697473206c61796f75742e2054686520706f696e74206f66207573696e67204c6f72656d20497073756d2069732074686174206974206861732061206d6f72652d6f722d6c657373206e6f726d616c20646973747269627574696f6e206f66206c6574746572732c206173206f70706f73656420746f207573696e672027436f6e74656e7420686572652c20636f6e74656e742068657265272c206d616b696e67206974206c6f6f6b206c696b65207265616461626c6520456e676c6973682e204d616e79206465736b746f70207075626c697368696e67207061636b6167657320616e6420776562207061676520656469746f7273206e6f7720757365204c6f72656d20497073756d2061732074686569722064656661756c74206d6f64656c20746578742c20616e6420612073656172636820666f7220276c6f72656d20697073756d272077696c6c20756e636f766572206d616e7920776562207369746573207374696c6c20696e20746865697220696e66616e63792e20566172696f75732076657273696f6e7320686176652065766f6c766564206f766572207468652079656172732c20736f6d6574696d6573206279206163636964656e742c20736f6d6574696d6573206f6e20707572706f73652028696e6a65637465642068756d6f757220616e6420746865206c696b65292e3c2f703e3c2f6469763e3c6272207374796c653d226d617267696e3a203070783b2070616464696e673a203070783b20636c6561723a20626f74683b223e3c646976207374796c653d226d617267696e3a203070782031342e333930367078203070782032382e3739363970783b2070616464696e673a203070783b2077696474683a203433362e37393770783b20746578742d616c69676e3a206c6566743b20666c6f61743a206c6566743b223e3c6832207374796c653d226d617267696e2d72696768743a203070783b206d617267696e2d626f74746f6d3a20313070783b206d617267696e2d6c6566743a203070783b2070616464696e673a203070783b20666f6e742d7765696768743a203430303b206c696e652d6865696768743a20323470783b20666f6e742d66616d696c793a204461757068696e506c61696e3b20666f6e742d73697a653a20323470783b223e576865726520646f657320697420636f6d652066726f6d3f3c2f68323e3c70207374796c653d226d617267696e2d72696768743a203070783b206d617267696e2d626f74746f6d3a20313570783b206d617267696e2d6c6566743a203070783b2070616464696e673a203070783b20746578742d616c69676e3a206a7573746966793b223e436f6e747261727920746f20706f70756c61722062656c6965662c204c6f72656d20497073756d206973206e6f742073696d706c792072616e646f6d20746578742e2049742068617320726f6f747320696e2061207069656365206f6620636c6173736963616c204c6174696e206c6974657261747572652066726f6d2034352042432c206d616b696e67206974206f7665722032303030207965617273206f6c642e2052696368617264204d63436c696e746f636b2c2061204c6174696e2070726f666573736f722061742048616d7064656e2d5379646e657920436f6c6c65676520696e2056697267696e69612c206c6f6f6b6564207570206f6e65206f6620746865206d6f7265206f627363757265204c6174696e20776f7264732c20636f6e73656374657475722c2066726f6d2061204c6f72656d20497073756d20706173736167652c20616e6420676f696e67207468726f75676820746865206369746573206f662074686520776f726420696e20636c6173736963616c206c6974657261747572652c20646973636f76657265642074686520756e646f75627461626c6520736f757263652e204c6f72656d20497073756d20636f6d65732066726f6d2073656374696f6e7320312e31302e333220616e6420312e31302e3333206f66202264652046696e6962757320426f6e6f72756d206574204d616c6f72756d2220285468652045787472656d6573206f6620476f6f6420616e64204576696c292062792043696365726f2c207772697474656e20696e2034352042432e205468697320626f6f6b2069732061207472656174697365206f6e20746865207468656f7279206f66206574686963732c207665727920706f70756c617220647572696e67207468652052656e61697373616e63652e20546865206669727374206c696e65206f66204c6f72656d20497073756d2c20224c6f72656d20697073756d20646f6c6f722073697420616d65742e2e222c20636f6d65732066726f6d2061206c696e6520696e2073656374696f6e20312e31302e33322e3c2f703e3c70207374796c653d226d617267696e2d72696768743a203070783b206d617267696e2d626f74746f6d3a20313570783b206d617267696e2d6c6566743a203070783b2070616464696e673a203070783b20746578742d616c69676e3a206a7573746966793b223e546865207374616e64617264206368756e6b206f66204c6f72656d20497073756d20757365642073696e63652074686520313530307320697320726570726f64756365642062656c6f7720666f722074686f736520696e74657265737465642e2053656374696f6e7320312e31302e333220616e6420312e31302e33332066726f6d202264652046696e6962757320426f6e6f72756d206574204d616c6f72756d222062792043696365726f2061726520616c736f20726570726f647563656420696e207468656972206578616374206f726967696e616c20666f726d2c206163636f6d70616e69656420627920456e676c6973682076657273696f6e732066726f6d207468652031393134207472616e736c6174696f6e20627920482e205261636b68616d2e3c2f703e3c2f6469763e3c646976207374796c653d226d617267696e3a203070782032382e373936397078203070782031342e3339303670783b2070616464696e673a203070783b2077696474683a203433362e37393770783b20746578742d616c69676e3a206c6566743b20666c6f61743a2072696768743b223e3c6832207374796c653d226d617267696e2d72696768743a203070783b206d617267696e2d626f74746f6d3a20313070783b206d617267696e2d6c6566743a203070783b2070616464696e673a203070783b20666f6e742d7765696768743a203430303b206c696e652d6865696768743a20323470783b20666f6e742d66616d696c793a204461757068696e506c61696e3b20666f6e742d73697a653a20323470783b223e57686572652063616e20492067657420736f6d653f3c2f68323e3c70207374796c653d226d617267696e2d72696768743a203070783b206d617267696e2d626f74746f6d3a20313570783b206d617267696e2d6c6566743a203070783b2070616464696e673a203070783b20746578742d616c69676e3a206a7573746966793b223e546865726520617265206d616e7920766172696174696f6e73206f66207061737361676573206f66204c6f72656d20497073756d20617661696c61626c652c2062757420746865206d616a6f72697479206861766520737566666572656420616c7465726174696f6e20696e20736f6d6520666f726d2c20627920696e6a65637465642068756d6f75722c206f722072616e646f6d6973656420776f72647320776869636820646f6e2774206c6f6f6b206576656e20736c696768746c792062656c69657661626c652e20496620796f752061726520676f696e6720746f2075736520612070617373616765206f66204c6f72656d20497073756d2c20796f75206e65656420746f20626520737572652074686572652069736e277420616e797468696e6720656d62617272617373696e672068696464656e20696e20746865206d6964646c65206f6620746578742e20416c6c20746865204c6f72656d20497073756d2067656e657261746f7273206f6e2074686520496e7465726e65742074656e6420746f2072657065617420707265646566696e6564206368756e6b73206173206e65636573736172792c206d616b696e6720746869732074686520666972737420747275652067656e657261746f72206f6e2074686520496e7465726e65742e204974207573657320612064696374696f6e617279206f66206f76657220323030204c6174696e20776f7264732c20636f6d62696e6564207769746820612068616e6466756c206f66206d6f64656c2073656e74656e636520737472756374757265732c20746f2067656e6572617465204c6f72656d20497073756d207768696368206c6f6f6b7320726561736f6e61626c652e205468652067656e657261746564204c6f72656d20497073756d206973207468657265666f726520616c7761797320667265652066726f6d2072657065746974696f6e2c20696e6a65637465642068756d6f75722c206f72206e6f6e2d636861726163746572697374696320776f726473206574632e3c2f703e3c2f6469763e3c2f6469763e3c2f6469763e, 1, 'JEo5CHsHbjMeNpETZSR7eLFw8Tfmajre', 'Lorem Ipsum is simply dummy text of the printing and typesetting industry. Lorem Ipsum has been the industry\'s standard dummy. Lorem Ipsum is simply dummy text of the printing typesetting industry Lorem Ipsum is simply.', '1503148676.jpg', '2017 © All Copyright Reserved By&nbsp;<a href=\"http://softwarezon.com/\" title=\"SoftwareZon\" target=\"_blank\">SOFTWAREZON</a>.', NULL, '2022-11-02 08:12:43');

-- --------------------------------------------------------

--
-- Table structure for table `categories`
--

CREATE TABLE `categories` (
  `id` int(10) UNSIGNED NOT NULL,
  `name` varchar(255) COLLATE utf8mb4_unicode_ci DEFAULT NULL,
  `slug` varchar(255) COLLATE utf8mb4_unicode_ci DEFAULT NULL,
  `status` tinyint(11) NOT NULL DEFAULT 0,
  `created_at` timestamp NULL DEFAULT NULL,
  `updated_at` timestamp NULL DEFAULT NULL
) ENGINE=InnoDB DEFAULT CHARSET=utf8mb4 COLLATE=utf8mb4_unicode_ci;

--
-- Dumping data for table `categories`
--

INSERT INTO `categories` (`id`, `name`, `slug`, `status`, `created_at`, `updated_at`) VALUES
(1, 'Cryipto', 'cryipto', 1, '2017-11-19 10:51:20', '2017-12-09 03:14:57'),
(2, 'Forex', 'forex', 1, '2017-11-19 10:55:34', '2017-11-27 21:18:25'),
(3, 'Bitcoin', 'bitcoin', 1, '2017-11-19 10:56:34', '2017-11-27 21:18:39'),
(4, 'International', 'international', 1, '2017-11-19 10:57:01', '2017-11-27 22:35:27'),
(5, 'Market', 'market', 1, '2017-11-27 22:35:46', '2017-11-27 22:35:46'),
(6, 'Currency Exchange', 'currency-exchange', 1, '2017-11-27 22:36:11', '2017-11-27 22:36:11'),
(7, 'Trading', 'trading', 1, '2017-11-27 22:36:29', '2017-11-27 22:36:29'),
(8, 'Freelance', 'freelance', 1, '2017-11-27 22:37:29', '2017-11-27 22:37:29'),
(9, 'Local Market', 'local-market', 1, '2017-11-27 22:38:22', '2017-11-27 22:38:22'),
(10, 'Analysis', 'analysis', 1, '2017-11-27 22:38:42', '2017-11-27 22:38:42'),
(11, 'LightCoin', 'lightcoin', 1, '2017-12-27 13:42:56', '2018-01-24 16:14:45');

-- --------------------------------------------------------

--
-- Table structure for table `database_backups`
--

CREATE TABLE `database_backups` (
  `id` int(10) UNSIGNED NOT NULL,
  `name` varchar(191) COLLATE utf8mb4_unicode_ci NOT NULL,
  `created_at` timestamp NULL DEFAULT NULL,
  `updated_at` timestamp NULL DEFAULT NULL
) ENGINE=InnoDB DEFAULT CHARSET=utf8mb4 COLLATE=utf8mb4_unicode_ci;

-- --------------------------------------------------------

--
-- Table structure for table `email_drivers`
--

CREATE TABLE `email_drivers` (
  `id` bigint(20) UNSIGNED NOT NULL,
  `name` varchar(191) COLLATE utf8mb4_unicode_ci NOT NULL,
  `driver` varchar(191) COLLATE utf8mb4_unicode_ci NOT NULL,
  `mailer` varchar(100) COLLATE utf8mb4_unicode_ci DEFAULT NULL,
  `image` varchar(191) COLLATE utf8mb4_unicode_ci NOT NULL,
  `data` longtext CHARACTER SET utf8mb4 COLLATE utf8mb4_bin DEFAULT NULL,
  `status` tinyint(1) NOT NULL DEFAULT 0,
  `created_at` timestamp NULL DEFAULT NULL,
  `updated_at` timestamp NULL DEFAULT NULL
) ENGINE=InnoDB DEFAULT CHARSET=utf8mb4 COLLATE=utf8mb4_unicode_ci;

--
-- Dumping data for table `email_drivers`
--

INSERT INTO `email_drivers` (`id`, `name`, `driver`, `mailer`, `image`, `data`, `status`, `created_at`, `updated_at`) VALUES
(1, 'AWS SES', 'ses', 'ses', 'ses_1666176561.png', '{\"sender_email\":\"softwarezon@hotmail.com\",\"sender_name\":\"Softwarezon\",\"key\":\"*---------------------*\",\"secret\":\"*---------------------*\",\"region\":\"*---------------------*\"}', 0, NULL, '2022-10-24 10:20:42'),
(2, 'SMTP', 'smtp', 'smtp', 'smtp_1666178554.png', '{\"sender_email\":\"softwarezon@hotmail.com\",\"sender_name\":\"Softwarezon\",\"host\":\"smtp.mailtrap.io\",\"port\":\"2525\",\"username\":\"afd1602376014a\",\"password\":\"13e931a3b4b504\",\"encryption\":\"tls\"}', 1, NULL, '2022-10-19 05:22:34'),
(3, 'Sendgrid', 'sendgrid', 'sendgrid', 'sendgrid_1666192881.png', '{\"sender_email\":\"hellomrhasan@gmail.com\",\"sender_name\":\"Softwarezon\",\"apiKey\":\"pY6XDEgHWIxNoLdJApZN3sUcNs0dLNHtQe3OFmHxIrGuwHDaOcS7voabRFmR\"}', 0, NULL, '2022-10-24 10:20:50'),
(4, 'Mailgun SMTP', 'mailgun', 'mailgun', 'mailgun_1666195880.png', '{\"sender_email\":\"softwarezon@hotmail.com\",\"sender_name\":\"Softwarezon\",\"domain\":\"aasdasdasd\",\"secret\":\"dasdasdas\"}', 0, NULL, '2022-10-24 10:20:56'),
(5, 'Postmark', 'postmark', 'postmark', 'postmark_1666196933.jpg', '{\"sender_email\":\"hellomrhasan@gmail.com\",\"sender_name\":\"asdasdas\",\"token\":\"adasd\"}', 0, NULL, '2022-10-24 10:21:01'),
(6, 'MailJet', 'mailjet', 'mailjet', 'mailjet_1666198161.png', '{\"sender_email\":\"hellomrhasan@gmail.com\",\"sender_name\":\"Softwarezon\",\"publicKey\":\"asdasdasd\",\"privateKey\":\"asdasd\"}', 0, NULL, '2022-10-24 10:21:08'),
(7, 'PHP MAIL', 'sendmail', 'sendmail', 'sendmail_1666199988.png', '{\"sender_email\":\"softwarezon@hotmail.com\",\"sender_name\":\"Softwarezon\",\"path\":\"\\/usr\\/sbin\\/sendmail -t -i\"}', 0, NULL, '2022-10-24 10:21:23');

-- --------------------------------------------------------

--
-- Table structure for table `email_settings`
--

CREATE TABLE `email_settings` (
  `id` int(10) UNSIGNED NOT NULL,
  `slug` varchar(50) COLLATE utf8mb4_unicode_ci DEFAULT NULL,
  `email_body` blob DEFAULT NULL,
  `created_at` timestamp NULL DEFAULT NULL,
  `updated_at` timestamp NULL DEFAULT NULL
) ENGINE=InnoDB DEFAULT CHARSET=utf8mb4 COLLATE=utf8mb4_unicode_ci;

--
-- Dumping data for table `email_settings`
--

INSERT INTO `email_settings` (`id`, `slug`, `email_body`, `created_at`, `updated_at`) VALUES
(1, 'body', 0x3c64697620636c6173733d227772617070657222207374796c653d226261636b67726f756e642d636f6c6f723a20726762283234322c203234322c20323432293b206865696768743a206175746f3b206d696e2d6865696768743a20313030253b223e0d0a3c7461626c65207374796c653d22626f726465722d636f6c6c617073653a20636f6c6c617073653b207461626c652d6c61796f75743a2066697865643b20636f6c6f723a20236238623862383b20666f6e742d66616d696c793a205562756e74752c73616e732d73657269663b2220616c69676e3d2263656e746572223e0d0a3c74626f64793e0d0a3c74723e0d0a3c746420636c6173733d227072656865616465725f5f736e697070657422207374796c653d2270616464696e673a203130707820302035707820303b20766572746963616c2d616c69676e3a20746f703b2077696474683a2032383070783b223e266e6273703b3c2f74643e0d0a3c746420636c6173733d227072656865616465725f5f77656276657273696f6e22207374796c653d22746578742d616c69676e3a2072696768743b2070616464696e673a203130707820302035707820303b20766572746963616c2d616c69676e3a20746f703b2077696474683a2032383070783b223e266e6273703b3c2f74643e0d0a3c2f74723e0d0a3c2f74626f64793e0d0a3c2f7461626c653e0d0a3c7461626c6520636c6173733d226c61796f7574206c61796f75742d2d6e6f2d67757474657222207374796c653d22626f726465722d636f6c6c617073653a20636f6c6c617073653b207461626c652d6c61796f75743a2066697865643b206d617267696e2d6c6566743a206175746f3b206d617267696e2d72696768743a206175746f3b206f766572666c6f772d777261703a20627265616b2d776f72643b20776f72642d777261703a20627265616b2d776f72643b20776f72642d627265616b3a20627265616b2d776f72643b206261636b67726f756e642d636f6c6f723a20236666666666663b2220616c69676e3d2263656e746572223e0d0a3c74626f64793e0d0a3c74723e0d0a3c746420636c6173733d22636f6c756d6e22207374796c653d2270616464696e673a203070783b20746578742d616c69676e3a206c6566743b20766572746963616c2d616c69676e3a20746f703b20636f6c6f723a207267622839362c203130322c20313039293b206c696e652d6865696768743a20323170783b20666f6e742d66616d696c793a2073616e732d73657269663b2077696474683a2036303070783b223e0d0a3c646976207374796c653d22666f6e742d73697a653a20313470783b206d617267696e2d6c6566743a20323070783b206d617267696e2d72696768743a20323070783b206d617267696e2d746f703a20323470783b223e0d0a3c646976207374796c653d226c696e652d6865696768743a20313070783b20666f6e742d73697a653a203170783b223e266e6273703b3c2f6469763e0d0a3c2f6469763e0d0a3c646976207374796c653d22666f6e742d73697a653a20313470783b206d617267696e2d6c6566743a20323070783b206d617267696e2d72696768743a20323070783b223e0d0a3c68323e4869207b7b6e616d657d7d2c3c2f68323e0d0a3c703e3c7374726f6e673e7b7b6d6573736167657d7d3c2f7374726f6e673e3c2f703e3c2f6469763e0d0a3c646976207374796c653d226d617267696e2d6c6566743a20323070783b206d617267696e2d72696768743a20323070783b206d617267696e2d626f74746f6d3a20323470783b223e0d0a3c7020636c6173733d2273697a652d313422207374796c653d226d617267696e2d746f703a203070783b206d617267696e2d626f74746f6d3a203070783b206c696e652d6865696768743a20323170783b223e3c666f6e742073697a653d2233223e3c623e5468616e6b732c3c2f623e3c2f666f6e743e3c2f703e3c7020636c6173733d2273697a652d313422207374796c653d226d617267696e2d746f703a203070783b206d617267696e2d626f74746f6d3a203070783b206c696e652d6865696768743a20323170783b223e3c62207374796c653d22223e3c666f6e742073697a653d2233223e7b7b736974655f7469746c657d7d3c2f666f6e743e3c2f623e3c2f703e0d0a3c2f6469763e0d0a3c2f74643e0d0a3c2f74723e0d0a3c2f74626f64793e0d0a3c2f7461626c653e3c62723e0d0a3c2f6469763e, NULL, '2022-02-24 09:28:48');

-- --------------------------------------------------------

--
-- Table structure for table `failed_jobs`
--

CREATE TABLE `failed_jobs` (
  `id` bigint(20) UNSIGNED NOT NULL,
  `uuid` varchar(191) COLLATE utf8mb4_unicode_ci NOT NULL,
  `connection` text COLLATE utf8mb4_unicode_ci NOT NULL,
  `queue` text COLLATE utf8mb4_unicode_ci NOT NULL,
  `payload` longtext COLLATE utf8mb4_unicode_ci NOT NULL,
  `exception` longtext COLLATE utf8mb4_unicode_ci NOT NULL,
  `failed_at` timestamp NOT NULL DEFAULT current_timestamp()
) ENGINE=InnoDB DEFAULT CHARSET=utf8mb4 COLLATE=utf8mb4_unicode_ci;

-- --------------------------------------------------------

--
-- Table structure for table `frames`
--

CREATE TABLE `frames` (
  `id` int(10) UNSIGNED NOT NULL,
  `name` varchar(191) COLLATE utf8mb4_unicode_ci NOT NULL,
  `slug` varchar(191) COLLATE utf8mb4_unicode_ci NOT NULL,
  `status` tinyint(1) NOT NULL DEFAULT 0,
  `created_at` timestamp NULL DEFAULT NULL,
  `updated_at` timestamp NULL DEFAULT NULL
) ENGINE=InnoDB DEFAULT CHARSET=utf8mb4 COLLATE=utf8mb4_unicode_ci;

--
-- Dumping data for table `frames`
--

INSERT INTO `frames` (`id`, `name`, `slug`, `status`, `created_at`, `updated_at`) VALUES
(1, 'M1', 'm1', 1, '2018-11-08 19:07:25', '2018-11-08 19:07:43'),
(2, 'M5', 'm5', 1, '2018-11-08 19:13:07', '2018-11-08 19:13:07'),
(4, 'M15', 'm15', 1, '2018-11-08 19:13:28', '2018-11-08 19:13:28'),
(5, 'M30', 'm30', 1, '2018-11-11 16:31:43', '2018-11-11 16:31:43'),
(6, 'H1', 'h1', 1, '2018-11-11 16:31:50', '2018-11-11 16:31:50'),
(7, 'H4', 'h4', 1, '2018-11-11 16:32:01', '2018-11-11 16:32:01'),
(8, 'D1', 'd1', 1, '2018-11-11 16:32:10', '2018-11-11 16:32:10'),
(9, 'W1', 'w1', 1, '2018-11-11 16:32:17', '2018-11-11 16:32:17');

-- --------------------------------------------------------

--
-- Table structure for table `members`
--

CREATE TABLE `members` (
  `id` int(10) UNSIGNED NOT NULL,
  `name` varchar(191) COLLATE utf8mb4_unicode_ci NOT NULL,
  `details` varchar(191) COLLATE utf8mb4_unicode_ci NOT NULL,
  `image` varchar(191) COLLATE utf8mb4_unicode_ci NOT NULL,
  `position` varchar(191) COLLATE utf8mb4_unicode_ci NOT NULL,
  `facebook` varchar(191) COLLATE utf8mb4_unicode_ci NOT NULL,
  `twitter` varchar(191) COLLATE utf8mb4_unicode_ci NOT NULL,
  `linkedin` varchar(191) COLLATE utf8mb4_unicode_ci NOT NULL,
  `instragram` varchar(191) COLLATE utf8mb4_unicode_ci NOT NULL,
  `created_at` timestamp NULL DEFAULT NULL,
  `updated_at` timestamp NULL DEFAULT NULL
) ENGINE=InnoDB DEFAULT CHARSET=utf8mb4 COLLATE=utf8mb4_unicode_ci;

--
-- Dumping data for table `members`
--

INSERT INTO `members` (`id`, `name`, `details`, `image`, `position`, `facebook`, `twitter`, `linkedin`, `instragram`, `created_at`, `updated_at`) VALUES
(1, 'Habiba Himu', 'You can relay on our amazing features list and also our customer services will be great experience.', 'member_1547480059.jpg', 'CEO', '#', '#', '#', '#', '2017-12-09 10:40:54', '2019-01-14 17:34:19'),
(3, 'Pump_Dizzel', 'You can relay on our amazing features list and also our customer services will be great experience.', 'member_1512978136.jpg', 'CEO, Softhouse', '#', '#', '#', '#', '2017-12-11 07:42:18', '2017-12-27 13:21:24'),
(4, 'Harun Rahman', 'You can relay on our amazing features list and also our customer services will be great experience.', 'member_1512978158.jpg', 'CEO, Softhouse', '#', '#', '#', '#', '2017-12-11 07:42:38', '2017-12-27 13:21:31'),
(5, 'RFL Boss', 'You can relay on our amazing features list and also our customer services will be great experience.', 'member_1547480036.jpg', 'CEO, Softhouse', '#', '#', '#', '#', '2017-12-11 07:42:58', '2019-01-14 17:33:56');

-- --------------------------------------------------------

--
-- Table structure for table `menus`
--

CREATE TABLE `menus` (
  `id` int(10) UNSIGNED NOT NULL,
  `name` varchar(255) COLLATE utf8_unicode_ci NOT NULL,
  `slug` varchar(255) COLLATE utf8_unicode_ci NOT NULL,
  `description` blob NOT NULL,
  `created_at` timestamp NULL DEFAULT NULL,
  `updated_at` timestamp NULL DEFAULT NULL
) ENGINE=InnoDB DEFAULT CHARSET=utf8 COLLATE=utf8_unicode_ci;

--
-- Dumping data for table `menus`
--

INSERT INTO `menus` (`id`, `name`, `slug`, `description`, `created_at`, `updated_at`) VALUES
(3, 'FX Live Charts', 'fx-live-charts', 0x3c6c696e6b2072656c3d227374796c6573686565742220687265663d2268747470733a2f2f7777772e6966636d61726b6574732e636f6d2f6373732f616d6368617274732f7374796c652e6373732220747970653d22746578742f637373223e3c6c696e6b2072656c3d227374796c6573686565742220687265663d2268747470733a2f2f7777772e6966636d61726b6574732e636f6d2f6373732f66726f6e742f6368617274732e6373732220747970653d22746578742f637373223e3c73637269707420747970653d22746578742f6a617661736372697074223e20766172206c616e675f6377203d2022656e223b76617220686e616d655f6377203d20227777772e6966636d61726b6574732e636f6d223b76617220696e737472756d656e745f6c6973743d224155444341442c4155444348462c4155444a50592c4155444e5a442c4155445553442c4341444348462c4341444a50592c4348464a50592c4555524155442c4555524341442c4555524348462c455552435a4b2c4555524742502c455552484b442c4555524a50592c4555524d584e2c4555524e5a442c455552504c4e2c4555525255422c45555253454b2c4555525452592c4555525553442c4555525a41522c4742504155442c4742504341442c4742504348462c4742504a50592c4742504e5a442c47425053454b2c4742505553442c4e5a444341442c4e5a444348462c4e5a444a50592c4e5a445553442c5553444341442c5553444348462c555344435a4b2c555344444b4b2c5553444a50592c5553444d584e2c5553444e4f4b2c555344504c4e2c5553445255422c55534453454b2c5553445347442c5553445452592c5553445a41522c444a492c4e643130302c4e494b4b45492c53503530302c5553444944582c23432d4252454e542c23432d434f434f412c23432d434f464645452c23432d434f505045522c23432d434f524e2c23432d434f54544f4e2c23432d46434154544c452c23432d484541544f494c2c23432d4c434154544c452c23432d4e41544741532c23432d4f4154532c23432d4f52414e47452c23432d534f59422c23432d534f59424d2c23432d53554741522c23432d57484541542c4f494c2c23532d41412c23532d4141504c2c23532d414442452c23532d4145502c23532d4145532c23532d4149472c23532d414d5a4e2c23532d4158502c23532d42412c23532d4241432c23532d424b2c23532d42502c23532d432c23532d4341542c23532d434f502c23532d4353434f2c23532d4356582c23532d43582c23532d44414c2c23532d4449532c23532d454241592c23532d462c23532d46422c23532d47452c23532d47472c23532d474d2c23532d474f4f472c23532d47532c23532d47542c23532d48442c23532d484f472c23532d484f4e2c23532d4850512c23532d48545a2c23532d49424d2c23532d494e54432c23532d4a4e4a2c23532d4a504d2c23532d4b4f2c23532d4c4c592c23532d4d412c23532d4d41522c23532d4d42492c23532d4d43442c23532d4d45542c23532d4d4d4d2c23532d4d4f2c23532d4d524b2c23532d4d532c23532d4d5346542c23532d4e4b452c23532d4e4f4b2c23532d4f58592c23532d5042522c23532d5045502c23532d5046452c23532d50472c23532d504d2c23532d52462c23532d542c23532d544d2c23532d544f542c23532d54524f582c23532d554e482c23532d5554582c23532d562c23532d565a2c23532d5746432c23532d5746542c23532d574d542c23532d57552c23532d584f4d2c23532d5852582c5841474555522c5841475553442c5841554555522c5841555553442c5850445553442c5850545553442c5841554f494c2c584155536e502c584155584147223b7661722073656c65637465645f696e7374725f61727261793d22313a4155444341442c313a4155444348462c313a4155444a50592c313a4155444e5a442c313a4155445553442c313a4341444348462c313a4341444a50592c313a4348464a50592c313a4555524155442c313a4555524341442c313a4555524348462c313a455552435a4b2c313a4555524742502c313a455552484b442c313a4555524a50592c313a4555524d584e2c313a4555524e5a442c313a455552504c4e2c313a4555525255422c313a45555253454b2c313a4555525452592c313a4555525553442c313a4555525a41522c313a4742504155442c313a4742504341442c313a4742504348462c313a4742504a50592c313a4742504e5a442c313a47425053454b2c313a4742505553442c313a4e5a444341442c313a4e5a444348462c313a4e5a444a50592c313a4e5a445553442c313a5553444341442c313a5553444348462c313a555344435a4b2c313a555344444b4b2c313a5553444a50592c313a5553444d584e2c313a5553444e4f4b2c313a555344504c4e2c313a5553445255422c313a55534453454b2c313a5553445347442c313a5553445452592c313a5553445a41522c323a43414334302c323a4441582c323a444a492c323a465453453130302c323a4e494b4b45492c323a4e643130302c323a53503530302c323a5553444944582c333a23432d4252454e542c333a23432d434f434f412c333a23432d434f464645452c333a23432d434f505045522c333a23432d434f524e2c333a23432d434f54544f4e2c333a23432d46434154544c452c333a23432d484541544f494c2c333a23432d4c434154544c452c333a23432d4e41544741532c333a23432d4f4154532c333a23432d4f52414e47452c333a23432d534f59422c333a23432d534f59424d2c333a23432d53554741522c333a23432d57484541542c333a4f494c2c343a23532d41412c343a23532d4141504c2c343a23532d4143492c343a23532d414442452c343a23532d4145502c343a23532d4145532c343a23532d4149472c343a23532d414d5a4e2c343a23532d414e522c343a23532d4158502c343a23532d42412c343a23532d4241432c343a23532d424b2c343a23532d42502c343a23532d432c343a23532d4341542c343a23532d434f502c343a23532d4353434f2c343a23532d4356582c343a23532d43582c343a23532d44414c2c343a23532d44442c343a23532d4449532c343a23532d444f572c343a23532d454241592c343a23532d462c343a23532d46422c343a23532d47452c343a23532d47472c343a23532d474d2c343a23532d474f4f472c343a23532d47532c343a23532d47542c343a23532d48442c343a23532d484f472c343a23532d484f4e2c343a23532d4850512c343a23532d48545a2c343a23532d49424d2c343a23532d494e54432c343a23532d4a4e4a2c343a23532d4a504d2c343a23532d4b4f2c343a23532d4c43432c343a23532d4c4c592c343a23532d4d412c343a23532d4d41522c343a23532d4d42492c343a23532d4d43442c343a23532d4d45542c343a23532d4d4d4d2c343a23532d4d4f2c343a23532d4d524b2c343a23532d4d532c343a23532d4d5346542c343a23532d4e4b452c343a23532d4e4f4b2c343a23532d4f58592c343a23532d5042522c343a23532d5045502c343a23532d5046452c343a23532d50472c343a23532d504d2c343a23532d52462c343a23532d53442c343a23532d542c343a23532d544d2c343a23532d544f542c343a23532d54524f582c343a23532d554e482c343a23532d5554582c343a23532d562c343a23532d565a2c343a23532d5746432c343a23532d5746542c343a23532d574d542c343a23532d57552c343a23532d584f4d2c343a23532d5852582c343a23532d59484f4f2c353a5841474555522c353a5841475553442c353a5841554555522c353a5841555553442c353a5850445553442c353a5850545553442c363a5841554f494c2c363a584155536e502c363a584155584147223b7661722076693d646f63756d656e742e637265617465456c656d656e74282273637269707422293b76692e74797065203d2022746578742f6a617661736372697074223b76692e6173796e633d747275653b76692e737263203d202268747470733a2f2f7777772e6966636d61726b6574732e636f6d2f6a732f636861727473576964676574414d2e6a73223b76617220733d646f63756d656e742e676574456c656d656e747342795461674e616d65282273637269707422295b305d3b732e706172656e744e6f64652e696e736572744265666f72652876692c73293b3c2f7363726970743e3c6469762069643d226966635f7769646765746368617274732220636c6173733d226966635f776964676574636861727473223e3c2f6469763e3c6469762069643d226966635f6e65646368617274732220636c6173733d226966635f6e6564636861727473223e50726f7669646564206279203c6120687265663d2268747470733a2f2f7777772e6966636d61726b6574732e636f6d2f656e2f696e666f726d65727322207461726765743d22626c616e6b222072656c3d226e6f666f6c6c6f77223e494643204d61726b6574733c2f613e3c2f6469763e, '2019-01-14 17:43:47', '2019-01-16 12:16:54'),
(4, 'Forex Calendar', 'forex-calendar', 0x3c73637269707420747970653d22746578742f6a617661736372697074223e44756b6173636f70794170706c6574203d207b2274797065223a2265636f6e6f6d69635f63616c656e6461725f6e6577222c22706172616d73223a7b2273686f77486561646572223a66616c73652c227461626c65426f72646572436f6c6f72223a2223443932363236222c2264656661756c7454696d657a6f6e65223a302c2264656661756c74436f756e7472696573223a22633a41552c43412c43482c434e2c45552c47422c4a502c4e5a2c55532c44452c46522c49542c4553222c22696d7061637473223a5b302c312c325d2c2264617465546162223a322c226461746546726f6d223a313435393033363830303030302c2264617465546f223a313435393535353230303030302c2273686f77436f6c436f756e747279223a747275652c2273686f77436f6c43757272656e6379223a747275652c2273686f77436f6c496d70616374223a747275652c2273686f77436f6c50726576696f7573223a747275652c2273686f77436f6c466f726563617374223a747275652c227769647468223a2231303025222c22686569676874223a22353030222c22616476223a22706f707570227d7d3b3c2f7363726970743e3c73637269707420747970653d22746578742f6a61766173637269707422207372633d2268747470733a2f2f66726565736572762d7374617469632e64756b6173636f70792e636f6d2f322e302f636f72652e6a73223e3c2f7363726970743e, '2019-01-16 12:18:27', '2019-01-16 12:18:27');

-- --------------------------------------------------------

--
-- Table structure for table `migrations`
--

CREATE TABLE `migrations` (
  `id` int(10) UNSIGNED NOT NULL,
  `migration` varchar(191) COLLATE utf8mb4_unicode_ci NOT NULL,
  `batch` int(11) NOT NULL
) ENGINE=InnoDB DEFAULT CHARSET=utf8mb4 COLLATE=utf8mb4_unicode_ci;

--
-- Dumping data for table `migrations`
--

INSERT INTO `migrations` (`id`, `migration`, `batch`) VALUES
(1, '2014_10_12_000000_create_users_table', 1),
(2, '2014_10_12_100000_create_password_resets_table', 1),
(3, '2018_12_12_113635_create_signal_plans_table', 2),
(4, '2018_12_18_013847_create_payment_log_images_table', 3),
(5, '2018_12_22_022414_create_staff_table', 4),
(6, '2019_08_19_000000_create_failed_jobs_table', 5),
(7, '2019_12_14_000001_create_personal_access_tokens_table', 5),
(8, '2022_09_24_130039_create_referral_levels_table', 5),
(12, '2022_10_17_095420_create_sms_gateways_table', 6),
(13, '2022_10_19_064943_create_email_drivers_table', 7),
(14, '2022_10_20_093154_add_contents_to_plans_table', 8),
(15, '2022_10_20_153804_create_whatsapp_drivers_table', 9),
(19, '2022_10_24_123758_create_telegram_drivers_table', 10);

-- --------------------------------------------------------

--
-- Table structure for table `partners`
--

CREATE TABLE `partners` (
  `id` int(10) UNSIGNED NOT NULL,
  `name` varchar(255) COLLATE utf8mb4_unicode_ci NOT NULL,
  `image` varchar(255) COLLATE utf8mb4_unicode_ci NOT NULL,
  `created_at` timestamp NULL DEFAULT NULL,
  `updated_at` timestamp NULL DEFAULT NULL
) ENGINE=InnoDB DEFAULT CHARSET=utf8mb4 COLLATE=utf8mb4_unicode_ci;

--
-- Dumping data for table `partners`
--

INSERT INTO `partners` (`id`, `name`, `image`, `created_at`, `updated_at`) VALUES
(1, 'RFL', 'partner_1512846249.png', '2017-11-18 13:04:26', '2017-12-09 13:04:09'),
(2, 'RFL', 'partner_1512846257.png', '2017-11-18 13:04:37', '2017-12-09 13:04:17'),
(3, 'RFL', 'partner_1512846264.png', '2017-11-18 13:04:47', '2017-12-09 13:04:24'),
(4, 'RFL', 'partner_1512846272.png', '2017-11-18 13:04:54', '2017-12-09 13:04:32'),
(5, 'RFL', 'partner_1512846214.png', '2017-11-18 13:05:06', '2017-12-09 13:03:35');

-- --------------------------------------------------------

--
-- Table structure for table `password_resets`
--

CREATE TABLE `password_resets` (
  `email` varchar(191) COLLATE utf8mb4_unicode_ci NOT NULL,
  `token` varchar(191) COLLATE utf8mb4_unicode_ci NOT NULL,
  `created_at` timestamp NULL DEFAULT NULL
) ENGINE=InnoDB DEFAULT CHARSET=utf8mb4 COLLATE=utf8mb4_unicode_ci;

--
-- Dumping data for table `password_resets`
--

INSERT INTO `password_resets` (`email`, `token`, `created_at`) VALUES
('user@gmail.com', '$2y$10$JTfoSnb/KSeJyeS7MUEndeB15behMCJfrrPWlrnAcnIWueIyRBCea', NULL),
('admin@gmail.com', '$2y$10$RJXPuHlA6KrIElYybueLWueMV7kyoMEfT3IXgPf3cWKr.P/tQ8nCm', NULL),
('staff@gmail.com', '$2y$10$L9JXl2xEHRVTlc1dB4wXKeJWdkCX/WI2XjLIqhoF4OYAmdRajL4Ny', NULL);

-- --------------------------------------------------------

--
-- Table structure for table `payment_logs`
--

CREATE TABLE `payment_logs` (
  `id` int(10) UNSIGNED NOT NULL,
  `user_id` int(11) NOT NULL,
  `plan_id` int(10) NOT NULL,
  `payment_id` int(11) NOT NULL,
  `order_number` varchar(191) COLLATE utf8mb4_unicode_ci NOT NULL,
  `amount` varchar(191) COLLATE utf8mb4_unicode_ci NOT NULL,
  `usd` varchar(191) COLLATE utf8mb4_unicode_ci NOT NULL,
  `btc_amo` varchar(191) COLLATE utf8mb4_unicode_ci DEFAULT NULL,
  `btc_acc` varchar(191) COLLATE utf8mb4_unicode_ci DEFAULT NULL,
  `message` text COLLATE utf8mb4_unicode_ci DEFAULT NULL,
  `status` tinyint(1) NOT NULL DEFAULT 0,
  `created_at` timestamp NULL DEFAULT NULL,
  `updated_at` timestamp NULL DEFAULT NULL
) ENGINE=InnoDB DEFAULT CHARSET=utf8mb4 COLLATE=utf8mb4_unicode_ci;

--
-- Dumping data for table `payment_logs`
--

INSERT INTO `payment_logs` (`id`, `user_id`, `plan_id`, `payment_id`, `order_number`, `amount`, `usd`, `btc_amo`, `btc_acc`, `message`, `status`, `created_at`, `updated_at`) VALUES
(51, 12, 6, 1, '7jNEZWFd2JSdZxsb', '249', '249', NULL, NULL, NULL, 0, '2022-09-29 10:06:39', '2022-09-29 10:06:39'),
(52, 12, 2, 2, 'd1HjxxYieJ5AS3cR', '49', '49', NULL, NULL, NULL, 0, '2022-09-29 10:06:52', '2022-10-23 12:17:21'),
(53, 12, 6, 1008, 'fdqYisDgSucblVKx', '249', '249', '4525.4607073', '2N9jGDqVHEVBJbzeSpXjmGsk52jEGCt585J', NULL, 2, '2022-09-29 10:11:49', '2022-09-29 10:11:51'),
(54, 12, 6, 3, 'YtKkwDkLJEeMkPEW', '249', '249', NULL, NULL, NULL, 0, '2022-09-29 10:18:11', '2022-09-29 10:18:11'),
(55, 12, 6, 4, 'gBSUkejqExa62gQR', '249', '249', NULL, NULL, NULL, 0, '2022-09-29 10:18:16', '2022-09-29 10:18:16'),
(56, 12, 6, 1001, 'Md5NShvYkJMwJEwA', '249', '107070', NULL, NULL, NULL, 0, '2022-09-29 10:18:23', '2022-09-29 10:18:23'),
(57, 12, 6, 1009, 'Mv6fheVwMDRKUlBM', '249', '249', NULL, NULL, NULL, 0, '2022-09-29 12:07:16', '2022-09-30 03:43:43'),
(58, 12, 2, 1010, 'nDjtAP0AghxcCZFL', '49', '49', NULL, NULL, NULL, 0, '2022-09-30 04:09:47', '2022-10-23 12:16:44'),
(59, 12, 6, 1011, 'YWnrDvHiGVNpHUCM', '249', '19920', NULL, NULL, NULL, 1, '2022-09-30 07:21:33', '2022-09-30 11:01:35'),
(60, 12, 3, 1011, 'iTORIe0zDBZhw90j', '99', '7920', NULL, NULL, NULL, 1, '2022-09-30 11:04:14', '2022-09-30 11:06:10'),
(61, 12, 2, 1012, 'WZYpqeDqQhfg1PO9', '49', '11172', NULL, NULL, NULL, 0, '2022-09-30 14:04:24', '2022-10-23 12:17:02'),
(62, 12, 2, 1013, 'GkiHfLBDSkgoZcm7', '49', '21070', NULL, NULL, NULL, 1, '2022-09-30 15:02:38', '2022-09-30 16:07:03'),
(63, 12, 3, 1013, 'OE2cMo6yb9DDGb6Q', '99', '42570', NULL, NULL, NULL, 1, '2022-09-30 16:08:05', '2022-09-30 16:13:16'),
(64, 12, 4, 1013, 'NJCauAq4H7S6S2N0', '149', '64070', NULL, NULL, NULL, 1, '2022-09-30 16:15:09', '2022-09-30 16:15:27'),
(65, 12, 2, 1013, '00RA4GEx5qAslave', '49', '21070', NULL, NULL, NULL, 1, '2022-09-30 16:16:53', '2022-09-30 16:17:11'),
(66, 12, 3, 1014, 'DkDFDayc5OCLC1TX', '99', '99', NULL, NULL, NULL, 1, '2022-09-30 16:44:52', '2022-09-30 17:44:31'),
(67, 12, 4, 1015, '0aGDNzv5FZG9B9Qf', '149', '149', NULL, NULL, NULL, 1, '2022-09-30 17:58:30', '2022-09-30 18:42:25'),
(68, 12, 2, 1015, '9W9NqnuMpaqQW8Tm', '49', '49', NULL, NULL, NULL, 0, '2022-09-30 18:43:16', '2022-10-23 12:16:33'),
(69, 12, 2, 1016, '4jglLDEpkRQs8hzW', '49', '49', NULL, NULL, NULL, 1, '2022-10-01 07:24:46', '2022-10-01 15:03:35'),
(70, 12, 4, 1017, 'NHrANTtdsdI4bw1d', '149', '149', NULL, NULL, NULL, 0, '2022-10-01 15:34:45', '2022-10-01 16:13:06'),
(71, 12, 3, 1018, 'MsFlRFlW4jXEVKm4', '99', '4182156', NULL, NULL, NULL, 1, '2022-10-02 11:58:26', '2022-10-02 12:38:48'),
(72, 12, 2, 1019, 'X0N4O3GYz01sTkXK', '49', '184.24', NULL, NULL, NULL, 1, '2022-10-02 12:54:27', '2022-10-02 13:37:16'),
(73, 12, 5, 1019, 'nfqJXLraamKzRW1e', '199', '748.24', NULL, NULL, NULL, 1, '2022-10-02 13:37:35', '2022-10-02 13:38:01'),
(74, 12, 4, 1019, 'KzSKZtjJ5gMVoW1y', '149', '560.24', NULL, NULL, NULL, 0, '2022-10-02 13:38:20', '2022-10-02 13:38:20'),
(75, 12, 2, 1020, 'e8bxVtszE03amBX1', '49', '187866', NULL, NULL, NULL, 0, '2022-10-03 03:18:03', '2022-10-23 12:15:33'),
(76, 12, 4, 1021, 'K6QrcCLpOxg1LVyX', '149', '149', NULL, NULL, NULL, 1, '2022-10-03 04:52:24', '2022-10-03 05:41:46'),
(77, 12, 4, 1021, '6TLBSySLqgQh1hOE', '149', '149', NULL, NULL, NULL, 1, '2022-10-03 05:42:56', '2022-10-03 05:44:43'),
(78, 12, 2, 1021, 'yu83MGPGmzbhSE89', '49', '49', NULL, NULL, NULL, 1, '2022-10-03 05:45:29', '2022-10-03 05:52:51'),
(79, 12, 5, 1021, 'Gi6TkQrYgOw0Zgf3', '199', '199', NULL, NULL, NULL, 1, '2022-10-03 06:08:16', '2022-10-03 06:22:52'),
(80, 12, 2, 1021, 'MbOBFo7DSiBtyL3M', '49', '49', NULL, NULL, NULL, 1, '2022-10-03 06:23:21', '2022-10-03 07:06:51'),
(81, 12, 5, 1021, '7LrhlK71XDo2Um1L', '199', '199', NULL, NULL, NULL, 0, '2022-10-03 07:10:29', '2022-10-03 07:10:29'),
(82, 12, 4, 16, 'rzlEDK5ApW2NNe0H', '149', '149', NULL, NULL, 'asdsadasd', 2, '2022-10-25 00:33:34', '2022-10-28 04:32:26'),
(83, 12, 4, 15, 'kfPFZpMrjpaS0Ykc', '149', '149', NULL, NULL, 'asdasdasd', 1, '2022-10-25 00:36:38', '2022-10-28 04:34:47'),
(84, 34, 4, 4, 'p3tyBdhLa9EIYSnC', '149', '149', NULL, NULL, NULL, 1, '2022-10-29 08:47:55', '2022-10-29 08:48:18'),
(85, 34, 5, 4, 'ojM5fSV9WvEc79Es', '199', '199', NULL, NULL, NULL, 1, '2022-10-29 08:55:21', '2022-10-29 08:55:37'),
(86, 33, 6, 4, 'QJI0Ccvji8r3vXbA', '249', '249', NULL, NULL, NULL, 1, '2022-10-29 08:57:26', '2022-10-29 08:57:39');

-- --------------------------------------------------------

--
-- Table structure for table `payment_log_images`
--

CREATE TABLE `payment_log_images` (
  `id` int(10) UNSIGNED NOT NULL,
  `payment_log_id` int(11) NOT NULL,
  `name` varchar(191) COLLATE utf8mb4_unicode_ci NOT NULL,
  `created_at` timestamp NULL DEFAULT NULL,
  `updated_at` timestamp NULL DEFAULT NULL
) ENGINE=InnoDB DEFAULT CHARSET=utf8mb4 COLLATE=utf8mb4_unicode_ci;

--
-- Dumping data for table `payment_log_images`
--

INSERT INTO `payment_log_images` (`id`, `payment_log_id`, `name`, `created_at`, `updated_at`) VALUES
(1, 3, 'WlgxgFw6wSVs7EN1.jpg', '2019-01-14 21:44:41', '2019-01-14 21:44:41'),
(2, 3, 'OaweFk4jD0UzkzLf.jpg', '2019-01-14 21:44:42', '2019-01-14 21:44:42'),
(3, 3, 'GNjvaY0bP6HgJii2.jpg', '2019-01-14 21:44:42', '2019-01-14 21:44:42'),
(4, 82, 'TJVuL2eP7A2Ajuce.jpg', '2022-10-25 00:33:42', '2022-10-25 00:33:42'),
(5, 83, 'PPOT2J9wrxQCcvAq.jpg', '2022-10-25 00:36:44', '2022-10-25 00:36:44'),
(6, 83, 'WftX99M6xde0RQaw.jpg', '2022-10-25 00:36:58', '2022-10-25 00:36:58'),
(7, 83, 'vMZ8LTug38THIIoA.jpg', '2022-10-25 00:37:13', '2022-10-25 00:37:13');

-- --------------------------------------------------------

--
-- Table structure for table `payment_methods`
--

CREATE TABLE `payment_methods` (
  `id` int(10) UNSIGNED NOT NULL,
  `name` varchar(255) COLLATE utf8_unicode_ci NOT NULL,
  `image` varchar(255) COLLATE utf8_unicode_ci NOT NULL,
  `type` tinyint(1) NOT NULL DEFAULT 0,
  `rate` varchar(30) COLLATE utf8_unicode_ci DEFAULT NULL,
  `currency` varchar(20) COLLATE utf8_unicode_ci NOT NULL DEFAULT 'USD',
  `val1` text COLLATE utf8_unicode_ci DEFAULT NULL,
  `val2` varchar(255) COLLATE utf8_unicode_ci DEFAULT NULL,
  `val3` text COLLATE utf8_unicode_ci DEFAULT NULL,
  `extra` longtext CHARACTER SET utf8mb4 COLLATE utf8mb4_bin DEFAULT NULL,
  `status` tinyint(4) NOT NULL,
  `created_at` timestamp NULL DEFAULT NULL,
  `updated_at` timestamp NULL DEFAULT NULL
) ENGINE=InnoDB DEFAULT CHARSET=utf8 COLLATE=utf8_unicode_ci;

--
-- Dumping data for table `payment_methods`
--

INSERT INTO `payment_methods` (`id`, `name`, `image`, `type`, `rate`, `currency`, `val1`, `val2`, `val3`, `extra`, `status`, `created_at`, `updated_at`) VALUES
(1, 'PAYPAL', 'gateway_1664230538.png', 0, '1', 'USD', 'AfCu2lSCJDb0Q2bI4yTLcTpdMrQYtE_P89Q7_ndGiAMmx2cWjn4rgROlF0g7kFEVsoXZ61VkrNxrL3vL', 'EAD6R7PuCqgfaTaP1_kwQ8jHSOCGJTPLKMOV35BdNDv7xrRS3xb2C8dugUTvxivTZrZ7_BLhoehImexh', 'sandbox', NULL, 1, NULL, '2022-09-26 16:15:38'),
(2, 'PERFECT MONEY', 'perfect_1511850445h4.png', 0, '1', 'USD', 'U16741300', '2B45ZL02BMveaziGzVBtiaebk', NULL, NULL, 1, NULL, '2022-09-27 10:46:05'),
(3, 'BTC - (BLOCKCHAIN)', 'btc_1516988916h5.png', 0, '1', 'USD', '382688a1-f034-45ab-9972-808f70b83ba8', 'xpub6DAmnCaQKkCAoHPvfCUsqNWLHSwHqRBnYYKD3YbwAk2jzDSfrEzhBCkGehUq7oqkwq1XZwcV74qJMrpaD95u3AgPzPjyoUyJnU6QwZtikhv', NULL, NULL, 1, NULL, '2019-01-13 22:30:28'),
(4, 'STRIPE - (CARD)', 'stripe_1511858583h6.png', 0, '1', 'USD', 'sk_test_YjWBdtTXv4xTh1Ri1CglDqMH', 'pk_test_F9V6UfKuCq0ij4jEE64uqjWF', NULL, NULL, 1, NULL, '2022-09-25 03:27:44'),
(5, 'SKRILL', 'skrill_1516266573h7.png', 0, '1', 'USD', 'merchant-email@example.com', '98765421', NULL, NULL, 1, '2018-01-04 18:00:00', '2019-01-13 22:30:33'),
(6, 'CoinPayment', 'coin_1516266580h7.png', 0, '1', 'USD', '669e817074849967cad1ba0313ea8b3b', 'ba0313ea8b3b', NULL, NULL, 1, NULL, '2019-01-13 22:30:39'),
(7, 'Referral Wallet', 'commission_1582056423h7.png', 0, '1', 'USD', NULL, NULL, NULL, NULL, 1, NULL, '2020-02-18 20:07:03'),
(15, 'Webmoney USD Wallet', 'manual_1546878747h8.png', 1, '1', 'USD', 'Please send payment of your plan to our USD wallet <br>\r\nin webmoney and send us the screenshot or <br>\r\npayment slip our USD wallet : S1442O252F74T12', NULL, NULL, NULL, 1, '2019-01-07 16:32:27', '2019-01-14 21:56:03'),
(16, 'Bitcoin Wallet Address', 'manual_1547413492h8.jpg', 1, '1', 'USD', 'Please send bitcoin equivalent to your plan amount <br>\r\nand send us screenshot or payment slip <br>\r\nour bitcoin Address: <br>\r\n1tRdgPi8623r2EgFioHLoKi9nZRacFcq2W', NULL, NULL, NULL, 1, '2019-01-07 16:36:05', '2019-01-14 21:56:58'),
(1001, 'Flutterwave Rave', 'gateway_1664230936.png', 0, '430', 'NGN', 'FLWPUBK_TEST-1c711febea0fe57a4da348ce331e1b86-X', 'FLWSECK_TEST-237f3dbb6a2a561a611c4cf937388ec1-X', 'FLWSECK_TESTcfbc55e4b040', NULL, 1, NULL, '2022-09-27 13:57:34'),
(1002, 'Mollie', 'gateway_1664279947.png', 0, '1.04', 'EUR', 'test_c5HqpEucaaB6FU8va4eqPA9R4DB5Bg', NULL, NULL, NULL, 1, NULL, '2022-09-27 14:24:03'),
(1003, 'Razorpay', 'gateway_1664304743.jpg', 0, '80', 'INR', 'rzp_test_6FwDRaiR8qPCNZ', 'opXOlauzHiW5MS7PbRroyzCC', NULL, NULL, 1, NULL, '2022-09-27 14:47:13'),
(1004, 'Paystack', 'gateway_1664313491.jpeg', 0, '430', 'NGN', 'pk_test_ff6b512408af7a12bd50230dbba78523a78542b8', 'sk_test_ca03558861f6ba5872b84317c3dfbb581122f9f9', 'hellomrhasan@gmail.com', NULL, 1, NULL, '2022-09-27 15:19:03'),
(1005, 'PayTM', 'gateway_1664318375.jpg', 0, '80', 'INR', 'DIY12386817555501617', 'bKMfNxPPf_QdZppa', 'DIYtestingweb', '{\"env\":\"local\",\"channel\":\"WEB\",\"industry_type\":\"Retail\"}', 1, NULL, '2022-09-27 18:50:25'),
(1006, 'SSLCOMMERZ', 'gateway_1664363904.png', 0, '83.25', 'BDT', 'softw63342a1cdf66d', 'softw63342a1cdf66d@ssl', 'sandbox', NULL, 1, NULL, '2022-09-28 08:34:45'),
(1007, 'Coingate', 'gateway_1664392829.png', 0, '1', 'USD', 'zSzeUKt6rcyTPweJSKvLHMVFxeXoiLzwyvQ6x6LE', NULL, 'sandbox', NULL, 1, NULL, '2022-09-28 13:54:13'),
(1008, 'Block.io', 'gateway_1664432864.jpg', 0, '1', 'USD', 'de8a-5eca-5187-575e', 'SoftwareBlockIO123', 'Dogecoin', NULL, 1, NULL, '2022-09-29 07:22:06'),
(1009, 'Coinbase Commerce', 'gateway_1664474636.png', 0, '1', 'USD', 'c71152b8-ab4e-4712-a421-c5c7ea5165a2', 'a709d081-e693-46e0-8a34-61fd785b20b3', NULL, NULL, 1, NULL, '2022-09-29 13:13:47'),
(1010, 'VoguePay', 'gateway_1664532489.png', 0, '1', 'USD', 'sandbox_76a5154319401f1a856d02af8a8031', '6336bea15ab3f', NULL, NULL, 1, NULL, '2022-09-30 06:24:16'),
(1011, 'Instamojo', 'gateway_1664543817.jpg', 0, '80', 'INR', 'test_KePVWYxk9sDXwfx0MqnNpGi75yh3haeeQ1y', 'test_7cfaM7SE4svh9K4N8JueWIfiFMAxt1WJNhemDIqp88xm0WZV2P26jf4ghdI1J8jA67oobLLnxR4sdR0XFBtP7bjoqqzAhS4zI07ASpR7QYfCExNxLXIJFDpNBCq', 'sandbox', NULL, 1, NULL, '2022-09-30 11:03:29'),
(1012, 'Cashmaal', 'gateway_1664568201.png', 0, '228', 'PKR', 'A6UXD8SUMED7K2NRH75ESIY5DM7D5B3AY3PSTA9', '7654', NULL, NULL, 1, NULL, '2022-09-30 14:12:17'),
(1013, 'Monnify', 'gateway_1664571727.jpeg', 0, '430', 'NGN', 'MK_TEST_LY2PCXTL6M', 'VMXLZA5T8RH5KYRQUZZUEWCU6LVBB44K', '4381099442', NULL, 1, NULL, '2022-09-30 15:02:23'),
(1014, 'MERCADO PAGO', 'gateway_1664577874.png', 0, '1', 'BRL', 'TEST-705032440135962-041006-ad2e021853f22338fe1a4db9f64d1491-421886156', NULL, 'sandbox', NULL, 1, NULL, '2022-09-30 17:09:55'),
(1015, 'SecurionPay', 'gateway_1664582205.jpg', 0, '1', 'USD', 'pk_test_LGTLbMho3PVPy7HRdHcXpuWb', 'sk_test_LGTLbdX61SiudmnmPACjTEaL', NULL, NULL, 1, NULL, '2022-09-30 17:56:45'),
(1016, 'Authorize.Net', 'gateway_1664628399.jpg', 0, '1', 'USD', '35s2ZJWTh2', '3P425sHVwE8t2CzX', 'sandbox', NULL, 1, NULL, '2022-10-01 12:18:44'),
(1017, 'Alipay (Global)', 'gateway_1664660062.png', 0, '1', 'EUR', 'MIICdwIBADANBgkqhkiG9w0BAQEFAASCAmEwggJdAgEAAoGBAI7Xh680MTnfYDxwyzSqKMhKWed3UP64YMaDkHgBtgCk3odFjoMcDTDumZqeiC1hVICVFR94blrq1ZhxQnFS+UqhXkPbyzuiPZQVBGaZ42y8brGuFiGJVjlo7Sf6GMc14a0d+bLD0C13faGK7PV0YQ7A1xaIIn/fn/Uk4qpOWEhhAgMBAAECgYBO2ZkT1RrLWIxWMOlrY/bpQWnJhSrXwU3ip2OLa15dkqUoRPQ7WbPKbBusp5CChHTSGfm0CpXYaEOKSBMmXWgwuz767/EEpaJfep3OPmKGD+kGPdA3qDYfTMCGRXSX1J47kjLa9XQX6iBmUMAzvTrLS9lZlXPKDhmU6bNZdODH1QJBAO1I/TIcjq7Fd0lwmXigbCs52suZP6/JEVpy6dSVPbZubCnJY3JbG044TN/2Ve4PzMNhmt367k46COpN6Oh1gAMCQQCaG6S2+NL9HTPD2RYmLKF8mXwcYD20WH2qsEGSVZwZma1CzbiwgY0MCUyXue0T/RabkU+oj0v679qy5AtkuULLAkEAzuliwJveX9CZYFTrvyBEsrzUac3Ml0DB/RlPhaxOEBLiBt4x9bo0aVT21CU+cUUdzRIDtaXmwBgjRg2CF5K+eQJAHAZW5+dMBzeeSElcG8kV/OC0jzx5PCizgazX39KttoIZ3gInSgHlMoEmapknIfFugQ/l2pNkj9e6f7m00LZYDQJBAOBCfnJmeppAA07ws2FzfvR880+rYc1gI95BSKK4ZLMoO2w+4k/NQ15K6MqlqwFNzTJq0HBf1MryUcuuASx0sQs=', '760bdzec6y9goq7ctyx96ezkz78287de', '2088101122136241', '{\"env\":\"sandbox\"}', 1, NULL, '2022-10-01 16:11:33'),
(1018, 'Zarinpal', 'gateway_1664732446.png', 0, '42244', 'IRR', '1344b5d4-0048-11e8-94db-005056a205be', 'disable', 'sandbox', NULL, 1, NULL, '2022-10-02 12:30:44'),
(1019, 'Moyasar', 'gateway_1664736833.png', 0, '3.76', 'SAR', 'sk_test_9BUUAg36PGXZUghbhmuCjed6m7HpGi5fAWZAJxc2', 'pk_test_uLNmHRZJ5iHoGFk7sjntckudEghS3hUPoj8oNMq5', 'sandbox', NULL, 1, NULL, '2022-10-02 12:54:14'),
(1020, 'DusuPay', 'gateway_1664788496.png', 0, '3834', 'UGX', 'pk_eridsdsde23e23e2', 'mtn_ug', '256777111000', '{\"env\":\"sandbox\"}', 1, NULL, '2022-10-03 03:53:16'),
(1021, 'BRAINTREE', 'gateway_1664794334.png', 0, '1', 'USD', 'h5bchd6ntfxxxp3n', '9mgkyvhwgxsvph6d', 'e3a5781c1ccd82542d4c3266fa9696cb', '{\"env\":\"sandbox\"}', 1, NULL, '2022-10-03 04:52:14');

-- --------------------------------------------------------

--
-- Table structure for table `personal_access_tokens`
--

CREATE TABLE `personal_access_tokens` (
  `id` bigint(20) UNSIGNED NOT NULL,
  `tokenable_type` varchar(191) COLLATE utf8mb4_unicode_ci NOT NULL,
  `tokenable_id` bigint(20) UNSIGNED NOT NULL,
  `name` varchar(191) COLLATE utf8mb4_unicode_ci NOT NULL,
  `token` varchar(64) COLLATE utf8mb4_unicode_ci NOT NULL,
  `abilities` text COLLATE utf8mb4_unicode_ci DEFAULT NULL,
  `last_used_at` timestamp NULL DEFAULT NULL,
  `created_at` timestamp NULL DEFAULT NULL,
  `updated_at` timestamp NULL DEFAULT NULL
) ENGINE=InnoDB DEFAULT CHARSET=utf8mb4 COLLATE=utf8mb4_unicode_ci;

-- --------------------------------------------------------

--
-- Table structure for table `plans`
--

CREATE TABLE `plans` (
  `id` int(10) UNSIGNED NOT NULL,
  `name` varchar(255) COLLATE utf8mb4_unicode_ci NOT NULL,
  `price` varchar(255) COLLATE utf8mb4_unicode_ci DEFAULT NULL,
  `icon` varchar(100) COLLATE utf8mb4_unicode_ci DEFAULT NULL,
  `plan_type` tinyint(1) NOT NULL DEFAULT 0,
  `price_type` tinyint(1) DEFAULT 0,
  `dashboard_status` tinyint(1) NOT NULL DEFAULT 0,
  `whatsapp_status` tinyint(1) NOT NULL DEFAULT 0,
  `telegram_status` tinyint(1) NOT NULL DEFAULT 0,
  `duration` int(11) DEFAULT NULL,
  `sms_status` tinyint(1) NOT NULL DEFAULT 0,
  `coaching_status` tinyint(1) NOT NULL DEFAULT 0,
  `call_status` tinyint(1) NOT NULL DEFAULT 0,
  `email_status` tinyint(1) NOT NULL DEFAULT 0,
  `status` tinyint(1) NOT NULL DEFAULT 1,
  `support` text COLLATE utf8mb4_unicode_ci DEFAULT NULL,
  `contents` longtext CHARACTER SET utf8mb4 COLLATE utf8mb4_bin DEFAULT NULL,
  `created_at` timestamp NULL DEFAULT NULL,
  `updated_at` timestamp NULL DEFAULT NULL
) ENGINE=InnoDB DEFAULT CHARSET=utf8mb4 COLLATE=utf8mb4_unicode_ci;

--
-- Dumping data for table `plans`
--

INSERT INTO `plans` (`id`, `name`, `price`, `icon`, `plan_type`, `price_type`, `dashboard_status`, `whatsapp_status`, `telegram_status`, `duration`, `sms_status`, `coaching_status`, `call_status`, `email_status`, `status`, `support`, `contents`, `created_at`, `updated_at`) VALUES
(1, 'Basic', '0', 'ion-ios-basketball-outline', 0, 0, 1, 0, 1, 30, 1, 0, 1, 1, 1, 'None', '[\"Limited Currency Pairs\",\"Instant Notification Alerts\",\"200+ Profit Pips\",\"High Success Rate\"]', '2017-11-23 07:10:18', '2022-10-23 06:56:54'),
(2, 'Silver', '49', 'ion-ios-baseball-outline', 0, 1, 1, 1, 1, 45, 1, 0, 1, 1, 1, '24X7', '[\"All Major Currency Pairs\",\"Instant Notification Alerts\",\"500+ Profit Pips\",\"High Success Rate\",\"2-3 premium signals per day\",\"30-day moneyback guarantee\"]', '2017-11-23 07:20:49', '2022-10-23 14:38:34'),
(3, 'Bronze', '99', 'ion-ios-flower-outline', 0, 1, 1, 0, 1, 60, 1, 0, 1, 1, 1, 'Premium', '[\"All Major Currency Pairs\",\"Instant Notification Alerts\",\"1000+ Profit Pips\",\"High Success Rate\",\"3-4 premium signals per day\",\"30-day moneyback guarantee\"]', '2017-11-23 07:24:43', '2022-10-20 04:11:24'),
(4, 'Economy', '149', 'ion-ios-paw', 0, 1, 1, 1, 1, 60, 1, 0, 1, 1, 1, 'Premium', '[\"All Major Currency Pairs\",\"Instant Notification Alerts\",\"1500+ Profit Pips\",\"High Success Rate\",\"5-7 premium signals per day\",\"30-day moneyback guarantee\"]', '2017-11-23 07:25:26', '2022-10-23 06:56:39'),
(5, 'Gold', '199', 'ion-paper-airplane', 1, 1, 1, 0, 1, 80, 1, 0, 1, 1, 1, 'Pemium', '[\"4-5 premium signals per day\",\"All Major Currency Pairs\",\"Instant Notification Alerts\",\"2000+ Profit Pips\",\"High Success Rate\",\"30-day moneyback guarantee\"]', '2017-12-11 07:44:16', '2022-10-20 04:09:06'),
(6, 'Diamond', '249', 'ion-radio-waves', 1, 1, 1, 1, 1, 90, 1, 0, 1, 1, 1, 'Pemium', '[\"7-12 premium signals per day\",\"All Major Currency Pairs\",\"Instant Notification Alerts\",\"3000+ Profit Pips\",\"High Success Rate\",\"20-day moneyback guarantee\"]', '2017-12-11 07:45:41', '2022-10-23 06:56:42');

-- --------------------------------------------------------

--
-- Table structure for table `posts`
--

CREATE TABLE `posts` (
  `id` int(10) UNSIGNED NOT NULL,
  `user_id` int(11) DEFAULT NULL,
  `user_type` tinyint(1) NOT NULL DEFAULT 0,
  `category_id` int(11) DEFAULT NULL,
  `title` varchar(255) COLLATE utf8mb4_unicode_ci DEFAULT NULL,
  `slug` varchar(255) COLLATE utf8mb4_unicode_ci NOT NULL,
  `image` varchar(255) COLLATE utf8mb4_unicode_ci DEFAULT NULL,
  `tags` text COLLATE utf8mb4_unicode_ci DEFAULT NULL,
  `description` longtext COLLATE utf8mb4_unicode_ci DEFAULT NULL,
  `status` tinyint(4) NOT NULL DEFAULT 0,
  `fetured` tinyint(4) NOT NULL DEFAULT 0,
  `views` int(11) NOT NULL DEFAULT 0,
  `created_at` timestamp NULL DEFAULT NULL,
  `updated_at` timestamp NULL DEFAULT NULL
) ENGINE=InnoDB DEFAULT CHARSET=utf8mb4 COLLATE=utf8mb4_unicode_ci;

--
-- Dumping data for table `posts`
--

INSERT INTO `posts` (`id`, `user_id`, `user_type`, `category_id`, `title`, `slug`, `image`, `tags`, `description`, `status`, `fetured`, `views`, `created_at`, `updated_at`) VALUES
(1, 1, 0, 1, 'But I must explain to mistaken', 'but-i-must-explain-to-mistaken', 'kd8UqzYTO1Me8AaZZdAU.jpg', 'a,asd,asdasd,asdas,sad,asdfa,sada', '<p style=\"margin-bottom: 15px; padding: 0px; text-align: justify; color: rgb(0, 0, 0); font-family: \" open=\"\" sans\",=\"\" arial,=\"\" sans-serif;\"=\"\">It is a long established fact that a reader will be distracted by the readable content of a page when looking at its layout. The point of using Lorem Ipsum is that it has a more-or-less normal distribution of letters, as opposed to using \'Content here, content here\', making it look like readable English. Many desktop publishing packages and web page editors now use Lorem Ipsum as their default model text, and a search for \'lorem ipsum\' will uncover many web sites still in their infancy. Various versions have evolved over the years, sometimes by accident, sometimes on purpose (injected humour and the like).</p><div><p style=\"margin-bottom: 15px; padding: 0px; text-align: justify; color: rgb(0, 0, 0); font-family: \" open=\"\" sans\",=\"\" arial,=\"\" sans-serif;\"=\"\">It is a long established fact that a reader will be distracted by the readable content of a page when looking at its layout. The point of using Lorem Ipsum is that it has a more-or-less normal distribution of letters, as opposed to using \'Content here, content here\', making it look like readable English. Many desktop publishing packages and web page editors now use Lorem Ipsum as their default model text, and a search for \'lorem ipsum\' will uncover many web sites still in their infancy. Various versions have evolved over the years, sometimes by accident, sometimes on purpose (injected humour and the like).</p></div><div><p style=\"margin-bottom: 15px; padding: 0px; text-align: justify; color: rgb(0, 0, 0); font-family: \" open=\"\" sans\",=\"\" arial,=\"\" sans-serif;\"=\"\">It is a long established fact that a reader will be distracted by the readable content of a page when looking at its layout. The point of using Lorem Ipsum is that it has a more-or-less normal distribution of letters, as opposed to using \'Content here, content here\', making it look like readable English. Many desktop publishing packages and web page editors now use Lorem Ipsum as their default model text, and a search for \'lorem ipsum\' will uncover many web sites still in their infancy. Various versions have evolved over the years, sometimes by accident, sometimes on purpose (injected humour and the like).</p></div><div><br></div>', 1, 1, 26, '2017-11-19 11:36:45', '2018-01-26 10:31:05'),
(2, 1, 0, 1, '\'Doing daily chores can help older women live longer\'', 'doing-daily-chores-can-help-older-women-live-longer', 'YGDdu0zhCnEHoJRSBzUB.jpg', 'as,adsasd,sadsad,asdsad', '<p style=\"margin-bottom: 15px; padding: 0px; text-align: justify; color: rgb(0, 0, 0); font-family: \" open=\"\" sans\",=\"\" arial,=\"\" sans-serif;\"=\"\">It is a long established fact that a reader will be distracted by the readable content of a page when looking at its layout. The point of using Lorem Ipsum is that it has a more-or-less normal distribution of letters, as opposed to using \'Content here, content here\', making it look like readable English. Many desktop publishing packages and web page editors now use Lorem Ipsum as their default model text, and a search for \'lorem ipsum\' will uncover many web sites still in their infancy. Various versions have evolved over the years, sometimes by accident, sometimes on purpose (injected humour and the like).</p><div><p style=\"margin-bottom: 15px; padding: 0px; text-align: justify; color: rgb(0, 0, 0); font-family: \" open=\"\" sans\",=\"\" arial,=\"\" sans-serif;\"=\"\">It is a long established fact that a reader will be distracted by the readable content of a page when looking at its layout. The point of using Lorem Ipsum is that it has a more-or-less normal distribution of letters, as opposed to using \'Content here, content here\', making it look like readable English. Many desktop publishing packages and web page editors now use Lorem Ipsum as their default model text, and a search for \'lorem ipsum\' will uncover many web sites still in their infancy. Various versions have evolved over the years, sometimes by accident, sometimes on purpose (injected humour and the like).</p></div><div><br></div>', 1, 1, 104, '2017-11-19 11:38:08', '2022-10-23 04:39:15'),
(3, 1, 0, 1, 'What is Lorem Ipsum?', 'what-is-lorem-ipsum', 'AxkYblZe86xPIAkf43uS.jpg', 'a,asd,asdasd,asdas,sad,asdfa,sada', '<p style=\"margin-bottom: 15px; padding: 0px; text-align: justify; color: rgb(0, 0, 0); font-family: \"Open Sans\", Arial, sans-serif;\">It is a long established fact that a reader will be distracted by the readable content of a page when looking at its layout. The point of using Lorem Ipsum is that it has a more-or-less normal distribution of letters, as opposed to using \'Content here, content here\', making it look like readable English. Many desktop publishing packages and web page editors now use Lorem Ipsum as their default model text, and a search for \'lorem ipsum\' will uncover many web sites still in their infancy. Various versions have evolved over the years, sometimes by accident, sometimes on purpose (injected humour and the like).</p><div><p style=\"margin-bottom: 15px; padding: 0px; text-align: justify; color: rgb(0, 0, 0); font-family: \"Open Sans\", Arial, sans-serif;\">It is a long established fact that a reader will be distracted by the readable content of a page when looking at its layout. The point of using Lorem Ipsum is that it has a more-or-less normal distribution of letters, as opposed to using \'Content here, content here\', making it look like readable English. Many desktop publishing packages and web page editors now use Lorem Ipsum as their default model text, and a search for \'lorem ipsum\' will uncover many web sites still in their infancy. Various versions have evolved over the years, sometimes by accident, sometimes on purpose (injected humour and the like).</p></div><div><p style=\"margin-bottom: 15px; padding: 0px; text-align: justify; color: rgb(0, 0, 0); font-family: \"Open Sans\", Arial, sans-serif;\">It is a long established fact that a reader will be distracted by the readable content of a page when looking at its layout. The point of using Lorem Ipsum is that it has a more-or-less normal distribution of letters, as opposed to using \'Content here, content here\', making it look like readable English. Many desktop publishing packages and web page editors now use Lorem Ipsum as their default model text, and a search for \'lorem ipsum\' will uncover many web sites still in their infancy. Various versions have evolved over the years, sometimes by accident, sometimes on purpose (injected humour and the like).</p></div><div><br></div>', 0, 1, 4, '2017-11-19 11:39:08', '2017-12-09 03:25:19'),
(4, 1, 0, 1, 'Where does it come from?', 'where-does-it-come-from', 'oRZu9uQR1ayT9PQpcQTb.jpg', 'a,asd,asdasd,asdas,sad,asdfa,sada', '<p style=\"margin-bottom: 15px; padding: 0px; text-align: justify; color: rgb(0, 0, 0); font-family: \" open=\"\" sans\",=\"\" arial,=\"\" sans-serif;\"=\"\">It is a long established fact that a reader will be distracted by the readable content of a page when looking at its layout. The point of using Lorem Ipsum is that it has a more-or-less normal distribution of letters, as opposed to using \'Content here, content here\', making it look like readable English. Many desktop publishing packages and web page editors now use Lorem Ipsum as their default model text, and a search for \'lorem ipsum\' will uncover many web sites still in their infancy. Various versions have evolved over the years, sometimes by accident, sometimes on purpose (injected humour and the like).</p><div><p style=\"margin-bottom: 15px; padding: 0px; text-align: justify; color: rgb(0, 0, 0); font-family: \" open=\"\" sans\",=\"\" arial,=\"\" sans-serif;\"=\"\">It is a long established fact that a reader will be distracted by the readable content of a page when looking at its layout. The point of using Lorem Ipsum is that it has a more-or-less normal distribution of letters, as opposed to using \'Content here, content here\', making it look like readable English. Many desktop publishing packages and web page editors now use Lorem Ipsum as their default model text, and a search for \'lorem ipsum\' will uncover many web sites still in their infancy. Various versions have evolved over the years, sometimes by accident, sometimes on purpose (injected humour and the like).</p></div><div><p style=\"margin-bottom: 15px; padding: 0px; text-align: justify; color: rgb(0, 0, 0); font-family: \" open=\"\" sans\",=\"\" arial,=\"\" sans-serif;\"=\"\">It is a long established fact that a reader will be distracted by the readable content of a page when looking at its layout. The point of using Lorem Ipsum is that it has a more-or-less normal distribution of letters, as opposed to using \'Content here, content here\', making it look like readable English. Many desktop publishing packages and web page editors now use Lorem Ipsum as their default model text, and a search for \'lorem ipsum\' will uncover many web sites still in their infancy. Various versions have evolved over the years, sometimes by accident, sometimes on purpose (injected humour and the like).</p></div><div><br></div>', 1, 1, 24, '2017-11-19 11:40:01', '2022-02-26 09:43:11'),
(5, 1, 0, 1, 'Bitcoin Price Tops $9,000', 'bitcoin-price-tops-9000', 'fUwGNqrLWmy5kCR4tmPk.png', 'softwarezon,softwarezon.com', '<p style=\"margin-bottom: 15px; padding: 0px; text-align: justify; color: rgb(0, 0, 0); font-family: \" open=\"\" sans\",=\"\" arial,=\"\" sans-serif;\"=\"\">It is a long established fact that a reader will be distracted by the readable content of a page when looking at its layout. The point of using Lorem Ipsum is that it has a more-or-less normal distribution of letters, as opposed to using \'Content here, content here\', making it look like readable English. Many desktop publishing packages and web page editors now use Lorem Ipsum as their default model text, and a search for \'lorem ipsum\' will uncover many web sites still in their infancy. Various versions have evolved over the years, sometimes by accident, sometimes on purpose (injected humour and the like).</p><div><p style=\"margin-bottom: 15px; padding: 0px; text-align: justify; color: rgb(0, 0, 0); font-family: \" open=\"\" sans\",=\"\" arial,=\"\" sans-serif;\"=\"\">It is a long established fact that a reader will be distracted by the readable content of a page when looking at its layout. The point of using Lorem Ipsum is that it has a more-or-less normal distribution of letters, as opposed to using \'Content here, content here\', making it look like readable English. Many desktop publishing packages and web page editors now use Lorem Ipsum as their default model text, and a search for \'lorem ipsum\' will uncover many web sites still in their infancy. Various versions have evolved over the years, sometimes by accident, sometimes on purpose (injected humour and the like).</p></div><div><br></div>', 1, 1, 8, '2017-11-19 11:45:16', '2017-12-29 20:00:39'),
(6, 1, 0, 1, 'As Price Eyes $10,000, Bitcoin', 'as-price-eyes-10000-bitcoin', 'XJZ9mTzNjWhX7OQjQueL.jpg', 'softwarezon,softwarezon.com', '<p style=\"margin-bottom: 15px; padding: 0px; text-align: justify; color: rgb(0, 0, 0); font-family: \" open=\"\" sans\",=\"\" arial,=\"\" sans-serif;\"=\"\">\"Lorem ipsum dolor sit amet, consectetur adipiscing elit, sed do eiusmod tempor incididunt ut labore et dolore magna aliqua. Ut enim ad minim veniam, quis nostrud exercitation ullamco laboris nisi ut aliquip ex ea commodo consequat. Duis aute irure dolor in reprehenderit in voluptate velit esse cillum dolore eu fugiat nulla pariatur. Excepteur sint occaecat cupidatat non proident, sunt in culpa qui officia deserunt mollit anim id est laborum.\"</p><div><br></div>', 1, 1, 42, '2017-11-19 11:46:19', '2017-12-29 20:00:31'),
(7, 1, 0, 3, '1914 translation by H. Rackham', '1914-translation-by-h-rackham', 'awiiUaeknABaPKZD51wT.jpg', 'sef,asd,aedwqr,wqerwqr,qwrdwqer', '<p style=\"margin-bottom: 15px; padding: 0px; text-align: justify; color: rgb(0, 0, 0); font-family: \" open=\"\" sans\",=\"\" arial,=\"\" sans-serif;\"=\"\">\"But I must explain to you how all this mistaken idea of denouncing pleasure and praising pain was born and I will give you a complete account of the system, and expound the actual teachings of the great explorer of the truth, the master-builder of human happiness. No one rejects, dislikes, or avoids pleasure itself, because it is pleasure, but because those who do not know how to pursue pleasure rationally encounter consequences that are extremely painful. Nor again is there anyone who loves or pursues or desires to obtain pain of itself, because it is pain, but because occasionally circumstances occur in which toil and pain can procure him some great pleasure. To take a trivial example, which of us ever undertakes laborious physical exercise, except to obtain some advantage from it? But who has any right to find fault with a man who chooses to enjoy a pleasure that has no annoying consequences, or one who avoids a pain that produces no resultant pleasure?\"</p><div><br></div>', 1, 0, 4, '2017-11-19 11:47:13', '2017-12-29 20:00:24'),
(8, 1, 0, 1, 'Bitcoin, Ether Prices Surge to Fresh All-Time Highs', 'bitcoin-ether-prices-surge-to-fresh-all-time-highs', 'VeSm5vEJ7AIBWe1rNYpt.jpg', 'softwarezon,softwarezon.com', '<p style=\"margin-bottom: 15px; padding: 0px; text-align: justify; color: rgb(0, 0, 0); font-family: \" open=\"\" sans\",=\"\" arial,=\"\" sans-serif;\"=\"\">\"Lorem ipsum dolor sit amet, consectetur adipiscing elit, sed do eiusmod tempor incididunt ut labore et dolore magna aliqua. Ut enim ad minim veniam, quis nostrud exercitation ullamco laboris nisi ut aliquip ex ea commodo consequat. Duis aute irure dolor in reprehenderit in voluptate velit esse cillum dolore eu fugiat nulla pariatur. Excepteur sint occaecat cupidatat non proident, sunt in culpa qui officia deserunt mollit anim id est laborum.\"</p><div><br></div>', 1, 1, 26, '2017-11-19 11:48:19', '2022-10-23 04:33:48'),
(9, 1, 0, 3, '$10,000 Today? Bitcoin Price Looks Primed to Break Barrier', '10000-today-bitcoin-price-looks-primed-to-break-barrier', 'oPGyi2FhuhDlGfeRLCWS.jpg', 'softwarezon,softwarezon.com.', '<p style=\"margin-bottom: 15px; padding: 0px; text-align: justify; color: rgb(0, 0, 0); font-family: \" open=\"\" sans\",=\"\" arial,=\"\" sans-serif;\"=\"\">\"At vero eos et accusamus et iusto odio dignissimos ducimus qui blanditiis praesentium voluptatum deleniti atque corrupti quos dolores et quas molestias excepturi sint occaecati cupiditate non provident, similique sunt in culpa qui officia deserunt mollitia animi, id est laborum et dolorum fuga. Et harum quidem rerum facilis est et expedita distinctio. Nam libero tempore, cum soluta nobis est eligendi optio cumque nihil impedit quo minus id quod maxime placeat facere possimus, omnis voluptas assumenda est, omnis dolor repellendus. Temporibus autem quibusdam et aut officiis debitis aut rerum necessitatibus saepe eveniet ut et voluptates repudiandae sint et molestiae non recusandae. Itaque earum rerum hic tenetur a sapiente delectus, ut aut reiciendis voluptatibus maiores alias consequatur aut perferendis doloribus asperiores repellat.\"</p><div><br></div>', 1, 1, 20, '2017-11-27 02:03:19', '2017-12-24 22:28:14'),
(10, 1, 0, 3, '$300 Billion: Bitcoin Price Boosts Crypto', '300-billion-bitcoin-price-boosts-crypto', 'OqyocokyhwqhNzhE6MvX.jpg', 'softwarezon,softwarezon.com', '<p style=\"margin-bottom: 15px; padding: 0px; text-align: justify; color: rgb(0, 0, 0); font-family: \" open=\"\" sans\",=\"\" arial,=\"\" sans-serif;\"=\"\">\"At vero eos et accusamus et iusto odio dignissimos ducimus qui blanditiis praesentium voluptatum deleniti atque corrupti quos dolores et quas molestias excepturi sint occaecati cupiditate non provident, similique sunt in culpa qui officia deserunt mollitia animi, id est laborum et dolorum fuga. Et harum quidem rerum facilis est et expedita distinctio. Nam libero tempore, cum soluta nobis est eligendi optio cumque nihil impedit quo minus id quod maxime placeat facere possimus, omnis voluptas assumenda est, omnis dolor repellendus. Temporibus autem quibusdam et aut officiis debitis aut rerum necessitatibus saepe eveniet ut et voluptates repudiandae sint et molestiae non recusandae. Itaque earum rerum hic tenetur a sapiente delectus, ut aut reiciendis voluptatibus maiores alias consequatur aut perferendis doloribus asperiores repellat.\"</p><div><br></div>', 1, 1, 38, '2017-11-27 02:04:14', '2022-10-29 06:55:44'),
(11, 1, 0, 4, 'cumque nihil impedit quo minus id quod maxime', 'cumque-nihil-impedit-quo-minus-id-quod-maxime', 'sumhFnGGvS5WKQzo3T3v.jpg', 'ass,as,d,er,ert', '<p style=\"margin-bottom: 15px; padding: 0px; text-align: justify; color: rgb(0, 0, 0); font-family: \" open=\"\" sans\",=\"\" arial,=\"\" sans-serif;\"=\"\">\"At vero eos et accusamus et iusto odio dignissimos ducimus qui blanditiis praesentium voluptatum deleniti atque corrupti quos dolores et quas molestias excepturi sint occaecati cupiditate non provident, similique sunt in culpa qui officia deserunt mollitia animi, id est laborum et dolorum fuga. Et harum quidem rerum facilis est et expedita distinctio. Nam libero tempore, cum soluta nobis est eligendi optio cumque nihil impedit quo minus id quod maxime placeat facere possimus, omnis voluptas assumenda est, omnis dolor repellendus. Temporibus autem quibusdam et aut officiis debitis aut rerum necessitatibus saepe eveniet ut et voluptates repudiandae sint et molestiae non recusandae. Itaque earum rerum hic tenetur a sapiente delectus, ut aut reiciendis voluptatibus maiores alias consequatur aut perferendis doloribus asperiores repellat.\"</p><div><br></div>', 1, 0, 4, '2017-11-27 02:05:40', '2018-01-27 21:56:53'),
(12, 1, 0, 3, 'Bitcoin Price Tops $10,000 on Korean Exchanges', 'bitcoin-price-tops-10000-on-korean-exchanges', 'jK6aw4awklQnqvlOvAMp.png', 'softwarezon,softwarezon.com', '<p style=\"margin-bottom: 15px; padding: 0px; text-align: justify; color: rgb(0, 0, 0); font-family: \" open=\"\" sans\",=\"\" arial,=\"\" sans-serif;\"=\"\">\"At vero eos et accusamus et iusto odio dignissimos ducimus qui blanditiis praesentium voluptatum deleniti atque corrupti quos dolores et quas molestias excepturi sint occaecati cupiditate non provident, similique sunt in culpa qui officia deserunt mollitia animi, id est laborum et dolorum fuga. Et harum quidem rerum facilis est et expedita distinctio. Nam libero tempore, cum soluta nobis est eligendi optio cumque nihil impedit quo minus id quod maxime placeat facere possimus, omnis voluptas assumenda est, omnis dolor repellendus. Temporibus autem quibusdam et aut officiis debitis aut rerum necessitatibus saepe eveniet ut et voluptates repudiandae sint et molestiae non recusandae. Itaque earum rerum hic tenetur a sapiente delectus, ut aut reiciendis voluptatibus maiores alias consequatur aut perferendis doloribus asperiores repellat.\"</p><div><br></div>', 1, 1, 22, '2017-11-27 02:06:23', '2018-09-13 09:42:17'),
(13, 1, 0, 3, 'Sample Post With Featured Image', 'sample-post-with-featured-image', '2cT75JsAzCDnGNkTBZxR.jpg', 'hasan,softwarezon', 'What is Lorem Ipsum? Lorem Ipsum is simply dummy text of the printing and typesetting industry. Lorem Ipsum has been the industry\'s standard dummy text ever since the 1500s, when an unknown printer took a galley of type and scrambled it to make a type specimen book. It has survived not only five centuries, but also the leap into electronic typesetting, remaining essentially unchanged. It was popularised in the 1960s with the release of Letraset sheets containing Lorem Ipsum passages, and more recently with desktop publishing software like Aldus PageMaker including versions of Lorem Ipsum.What is Lorem Ipsum? Lorem Ipsum is simply dummy text of the printing and typesetting industry. Lorem Ipsum has been the industry\'s standard dummy text ever since the 1500s, when an unknown printer took a galley of type and scrambled it to make a type specimen book. It has survived not only five centuries, but also the leap into electronic typesetting, remaining essentially unchanged. It was popularised in the 1960s with the release of Letraset sheets containing Lorem Ipsum passages, and more recently with desktop publishing software like Aldus PageMaker including versions of Lorem Ipsum.<br>', 1, 1, 9, '2017-12-09 02:44:51', '2022-10-23 05:03:33'),
(14, 1, 1, 2, 'Short-term forecast for BTCUSD, XRPUSD and ETHUSD 28.10.2022', 'short-term-forecast-for-btcusd-xrpusd-and-ethusd-28102022', 'GOlM2WhhiilfzwsZljVq.png', 'forex', '<p style=\"box-sizing: border-box; margin-right: 0px; margin-bottom: 10px; margin-left: 0px; color: rgb(119, 119, 119); font-family: \" open=\"\" sans\",=\"\" sans-serif;=\"\" line-height:=\"\" 22px;=\"\" font-size:=\"\" 16px=\"\" !important;\"=\"\">I have prepared a short-term cryptocurrency forecast based on the Elliott wave analysis of Bitcoin, Ripple, and Ethereum. I offer entry signals to trade each cryptocurrency.</p><p style=\"box-sizing: border-box; margin-right: 0px; margin-bottom: 10px; margin-left: 0px; color: rgb(119, 119, 119); font-family: \" open=\"\" sans\",=\"\" sans-serif;=\"\" line-height:=\"\" 22px;=\"\" font-size:=\"\" 16px=\"\" !important;\"=\"\">Bullish trends continue forming. Next week, cryptocurrency prices could go down a little in short corrections.</p>', 1, 1, 0, '2022-10-28 03:18:17', '2022-10-28 03:24:55');

-- --------------------------------------------------------

--
-- Table structure for table `referral_levels`
--

CREATE TABLE `referral_levels` (
  `id` bigint(20) UNSIGNED NOT NULL,
  `level` varchar(30) COLLATE utf8mb4_unicode_ci NOT NULL,
  `commission` double(8,2) NOT NULL,
  `created_at` timestamp NULL DEFAULT NULL,
  `updated_at` timestamp NULL DEFAULT NULL
) ENGINE=InnoDB DEFAULT CHARSET=utf8mb4 COLLATE=utf8mb4_unicode_ci;

--
-- Dumping data for table `referral_levels`
--

INSERT INTO `referral_levels` (`id`, `level`, `commission`, `created_at`, `updated_at`) VALUES
(2, 'level_1', 5.00, '2022-09-24 09:51:15', '2022-09-24 09:51:15'),
(3, 'level_2', 4.00, '2022-09-24 09:51:15', '2022-09-24 09:51:15'),
(4, 'level_3', 3.00, '2022-09-24 09:51:15', '2022-09-24 09:51:15'),
(5, 'level_4', 2.00, '2022-09-24 09:51:15', '2022-09-24 09:51:15'),
(6, 'level_5', 1.00, '2022-09-24 09:51:15', '2022-09-24 09:51:15');

-- --------------------------------------------------------

--
-- Table structure for table `sections`
--

CREATE TABLE `sections` (
  `id` int(10) UNSIGNED NOT NULL,
  `speciality_title` varchar(191) COLLATE utf8mb4_unicode_ci DEFAULT NULL,
  `speciality_description` text COLLATE utf8mb4_unicode_ci DEFAULT NULL,
  `currency_title` varchar(191) COLLATE utf8mb4_unicode_ci DEFAULT NULL,
  `currency_description` text COLLATE utf8mb4_unicode_ci DEFAULT NULL,
  `trading_title` varchar(191) COLLATE utf8mb4_unicode_ci NOT NULL,
  `trading_description` text COLLATE utf8mb4_unicode_ci NOT NULL,
  `trading_script` text COLLATE utf8mb4_unicode_ci NOT NULL,
  `about_title` varchar(191) COLLATE utf8mb4_unicode_ci DEFAULT NULL,
  `about_description` text COLLATE utf8mb4_unicode_ci DEFAULT NULL,
  `about_image` varchar(191) COLLATE utf8mb4_unicode_ci DEFAULT NULL,
  `counter_image` varchar(191) COLLATE utf8mb4_unicode_ci NOT NULL,
  `advertise_title` varchar(191) COLLATE utf8mb4_unicode_ci NOT NULL,
  `advertise_description` text COLLATE utf8mb4_unicode_ci NOT NULL,
  `team_title` varchar(121) COLLATE utf8mb4_unicode_ci NOT NULL,
  `team_description` text COLLATE utf8mb4_unicode_ci NOT NULL,
  `subscriber_title` varchar(191) COLLATE utf8mb4_unicode_ci NOT NULL,
  `subscriber_description` text COLLATE utf8mb4_unicode_ci NOT NULL,
  `price_title` varchar(191) COLLATE utf8mb4_unicode_ci DEFAULT NULL,
  `price_description` text COLLATE utf8mb4_unicode_ci DEFAULT NULL,
  `testimonial_title` varchar(191) COLLATE utf8mb4_unicode_ci DEFAULT NULL,
  `testimonial_description` text COLLATE utf8mb4_unicode_ci DEFAULT NULL,
  `blog_title` varchar(191) COLLATE utf8mb4_unicode_ci DEFAULT NULL,
  `blog_description` text COLLATE utf8mb4_unicode_ci DEFAULT NULL,
  `result_title` text COLLATE utf8mb4_unicode_ci DEFAULT NULL,
  `result_description` text COLLATE utf8mb4_unicode_ci DEFAULT NULL,
  `created_at` timestamp NULL DEFAULT NULL,
  `updated_at` timestamp NULL DEFAULT NULL
) ENGINE=InnoDB DEFAULT CHARSET=utf8mb4 COLLATE=utf8mb4_unicode_ci;

--
-- Dumping data for table `sections`
--

INSERT INTO `sections` (`id`, `speciality_title`, `speciality_description`, `currency_title`, `currency_description`, `trading_title`, `trading_description`, `trading_script`, `about_title`, `about_description`, `about_image`, `counter_image`, `advertise_title`, `advertise_description`, `team_title`, `team_description`, `subscriber_title`, `subscriber_description`, `price_title`, `price_description`, `testimonial_title`, `testimonial_description`, `blog_title`, `blog_description`, `result_title`, `result_description`, `created_at`, `updated_at`) VALUES
(1, 'Why We are Special', 'You can rely on our amazing features list and also our customer services will be a great experience for you without doubt and in no-time', 'Checkout our few signals', 'You can relay on our amazing features list and also our customer services will be greatexperience for you without doubt and in no-time and with great quality for design.', 'Grow with us', 'Follow our trading signals and be a winner of Forex trading.\r\nits a perfect option for those who wants to earn massive income  with monthly of 10%-20% profit from your  trading  account with very low risk.', '<!-- TradingView Widget BEGIN -->\r\n<div class=\"tradingview-widget-container\">\r\n  <div class=\"tradingview-widget-container__widget\"></div>\r\n  <div class=\"tradingview-widget-copyright\"><a href=\"https://www.tradingview.com/forex-screener/\" rel=\"noopener\" target=\"_blank\"><span class=\"blue-text\">Forex Screener</span></a> by TradingView</div>\r\n  <script type=\"text/javascript\" src=\"https://s3.tradingview.com/external-embedding/embed-widget-screener.js\" async>\r\n  {\r\n  \"width\": \"100%\",\r\n  \"height\": 550px\",\r\n  \"defaultColumn\": \"overview\",\r\n  \"defaultScreen\": \"general\",\r\n  \"market\": \"forex\",\r\n  \"showToolbar\": true,\r\n  \"locale\": \"en\"\r\n}\r\n  </script>\r\n</div>\r\n<!-- TradingView Widget END -->', 'Why we extra Ordinary', '<div style=\"text-align: justify;\"><font size=\"3\">You can relay on our amazing features list and also our customer services will be greatexperience for you without doubt and in no-time and with great quality for design.You can relay on our amazing features list and also our customer services will be greatexperience for you without doubt and in no-time and with great quality for design.relay on our amazing features list and also our customer services will be greatexperience for you without doubt and in no-time and with great quality for design. relay on our amazing features list and also our customer services&nbsp;</font><span style=\"font-size: medium;\">features list and also our customer services</span><br></div><div style=\"text-align: center;\"><font size=\"3\"><br></font></div>', 'about_image.jpg', 'counter_image.jpg', '100% Trusted Forex Trading Signal provider', 'We have most experienced Forex Experts. and always analysis charts  and generate trading signal to help you to make good profit.', 'Best Management Team', 'Lorem Ipsum is simply dummy text of the printing and typesetting industry. Lorem Ipsum has been the industry\'s standard dummy', 'Subscribe To Our Newsletter', 'Dont miss any promotion or news from us', 'Simple Pricing Plan', 'We offer 100% satisfaction and Money back Guarantee', 'Check what our Customers are Saying', 'You can relay on our amazing features list and also our customer services will be great experience for you without doubt and in no-time', 'Awesome with Extra Ordinary Flexibility', 'You can relay on our amazing features list and also our customer services will be great experience for you without doubt and  no-time', 'Our Performance Statistics', '2000+ pips and more than 90% win signals can shows our abilities and stability', NULL, '2022-10-27 03:43:38');

-- --------------------------------------------------------

--
-- Table structure for table `signals`
--

CREATE TABLE `signals` (
  `id` int(10) UNSIGNED NOT NULL,
  `post_by` int(11) NOT NULL DEFAULT 0,
  `custom` varchar(100) COLLATE utf8mb4_unicode_ci NOT NULL,
  `title` varchar(191) COLLATE utf8mb4_unicode_ci NOT NULL,
  `image` varchar(100) COLLATE utf8mb4_unicode_ci DEFAULT NULL,
  `plan_ids` varchar(191) COLLATE utf8mb4_unicode_ci NOT NULL,
  `asset_id` int(11) NOT NULL,
  `symbol_id` int(11) NOT NULL,
  `type_id` int(11) NOT NULL,
  `frame_id` int(11) NOT NULL,
  `profit` varchar(100) COLLATE utf8mb4_unicode_ci DEFAULT NULL,
  `profit_two` varchar(50) COLLATE utf8mb4_unicode_ci DEFAULT NULL,
  `profit_three` varchar(50) COLLATE utf8mb4_unicode_ci DEFAULT NULL,
  `loss` varchar(100) COLLATE utf8mb4_unicode_ci DEFAULT NULL,
  `entry` varchar(100) COLLATE utf8mb4_unicode_ci DEFAULT NULL,
  `status_id` int(11) NOT NULL,
  `win` tinyint(1) DEFAULT NULL,
  `pips` int(11) DEFAULT NULL,
  `home` tinyint(1) NOT NULL DEFAULT 0,
  `home_lock` tinyint(1) NOT NULL DEFAULT 0,
  `description` blob NOT NULL,
  `created_at` timestamp NULL DEFAULT NULL,
  `updated_at` timestamp NULL DEFAULT NULL
) ENGINE=InnoDB DEFAULT CHARSET=utf8mb4 COLLATE=utf8mb4_unicode_ci;

--
-- Dumping data for table `signals`
--

INSERT INTO `signals` (`id`, `post_by`, `custom`, `title`, `image`, `plan_ids`, `asset_id`, `symbol_id`, `type_id`, `frame_id`, `profit`, `profit_two`, `profit_three`, `loss`, `entry`, `status_id`, `win`, `pips`, `home`, `home_lock`, `description`, `created_at`, `updated_at`) VALUES
(3, 1, 'GHIQIMGOEPML846L', 'Buy USD', NULL, '1;2;3;4;5;6', 6, 8, 1, 1, '0.6222', '0.6222', '0.6222', '0.62835', '0.6262', 6, 1, 50, 1, 1, 0x53746166662054657374205369676e62616c, '2022-10-14 10:54:19', '2022-10-28 03:11:13'),
(4, 0, 'PC37AI7D443GKS8V', 'Buy AUD/CHF', 'KHNW26JVUKRMPU7K.jpg', '1;2;3;4;5;6', 6, 7, 1, 2, '0.89865', '0.89865', NULL, '0.90481', '0.90265', 6, 1, 22, 1, 0, 0x54657374205369676e616c, '2022-10-14 17:28:40', '2022-10-27 03:28:11'),
(5, 1, '06K6SCEWB67CTG04', 'Buy AUD/CHF', 'I2NS0D0PNHCYGQCR.jpg', '1;2;3;4;5;6', 6, 9, 1, 2, '92.826', '92.828', '92.920', '92.209', '92.426', 7, 2, 25, 1, 1, 0x6164616461, '2022-10-22 18:11:49', '2022-10-27 11:31:25'),
(7, 0, 'NY30VWXWXMRL3BR5', 'Period 1', NULL, '1;2;3;4;5;6', 6, 7, 1, 1, '0.89865', '0.89865', '0.89865', '0.90481', '0.90265', 7, 2, 20, 1, 1, 0x3c62723e, '2022-10-24 07:21:56', '2022-10-27 03:20:21'),
(8, 1, 'STQJT2GVUF3OH0E2', 'Ad est dolor et ali', NULL, '3;4;6', 6, 23, 7, 2, '0.90265', '0.90265', '0.90265', '0.90265', '0.90265', 9, NULL, NULL, 0, 0, 0x4e756d7175616d207175616572617420717569732e, '2022-10-27 11:03:10', '2022-10-27 11:03:10');

-- --------------------------------------------------------

--
-- Table structure for table `signal_comments`
--

CREATE TABLE `signal_comments` (
  `id` int(10) UNSIGNED NOT NULL,
  `user_id` int(11) NOT NULL,
  `signal_id` int(11) NOT NULL,
  `comment` text COLLATE utf8mb4_unicode_ci NOT NULL,
  `created_at` timestamp NULL DEFAULT NULL,
  `updated_at` timestamp NULL DEFAULT NULL
) ENGINE=InnoDB DEFAULT CHARSET=utf8mb4 COLLATE=utf8mb4_unicode_ci;

-- --------------------------------------------------------

--
-- Table structure for table `signal_plans`
--

CREATE TABLE `signal_plans` (
  `id` int(10) UNSIGNED NOT NULL,
  `signal_id` int(11) NOT NULL,
  `plan_id` int(11) NOT NULL,
  `created_at` timestamp NULL DEFAULT NULL,
  `updated_at` timestamp NULL DEFAULT NULL
) ENGINE=InnoDB DEFAULT CHARSET=utf8mb4 COLLATE=utf8mb4_unicode_ci;

--
-- Dumping data for table `signal_plans`
--

INSERT INTO `signal_plans` (`id`, `signal_id`, `plan_id`, `created_at`, `updated_at`) VALUES
(115, 4, 1, '2022-10-16 21:44:44', '2022-10-16 21:44:44'),
(116, 4, 2, '2022-10-16 21:44:44', '2022-10-16 21:44:44'),
(117, 4, 3, '2022-10-16 21:44:44', '2022-10-16 21:44:44'),
(118, 4, 4, '2022-10-16 21:44:44', '2022-10-16 21:44:44'),
(119, 4, 5, '2022-10-16 21:44:44', '2022-10-16 21:44:44'),
(120, 4, 6, '2022-10-16 21:44:44', '2022-10-16 21:44:44'),
(145, 5, 6, '2022-10-24 07:21:28', '2022-10-24 07:21:28'),
(146, 5, 5, '2022-10-24 07:21:28', '2022-10-24 07:21:28'),
(147, 5, 4, '2022-10-24 07:21:28', '2022-10-24 07:21:28'),
(148, 5, 3, '2022-10-24 07:21:28', '2022-10-24 07:21:28'),
(149, 5, 2, '2022-10-24 07:21:28', '2022-10-24 07:21:28'),
(150, 5, 1, '2022-10-24 07:21:28', '2022-10-24 07:21:28'),
(151, 7, 6, '2022-10-24 07:21:56', '2022-10-24 07:21:56'),
(152, 7, 5, '2022-10-24 07:21:56', '2022-10-24 07:21:56'),
(153, 7, 4, '2022-10-24 07:21:56', '2022-10-24 07:21:56'),
(154, 7, 3, '2022-10-24 07:21:56', '2022-10-24 07:21:56'),
(155, 7, 2, '2022-10-24 07:21:56', '2022-10-24 07:21:56'),
(156, 7, 1, '2022-10-24 07:21:56', '2022-10-24 07:21:56'),
(163, 8, 6, '2022-10-27 11:03:10', '2022-10-27 11:03:10'),
(164, 8, 4, '2022-10-27 11:03:10', '2022-10-27 11:03:10'),
(165, 8, 3, '2022-10-27 11:03:10', '2022-10-27 11:03:10'),
(172, 3, 6, '2022-10-27 11:16:47', '2022-10-27 11:16:47'),
(173, 3, 5, '2022-10-27 11:16:47', '2022-10-27 11:16:47'),
(174, 3, 4, '2022-10-27 11:16:47', '2022-10-27 11:16:47'),
(175, 3, 3, '2022-10-27 11:16:47', '2022-10-27 11:16:47'),
(176, 3, 2, '2022-10-27 11:16:47', '2022-10-27 11:16:47'),
(177, 3, 1, '2022-10-27 11:16:47', '2022-10-27 11:16:47');

-- --------------------------------------------------------

--
-- Table structure for table `signal_ratings`
--

CREATE TABLE `signal_ratings` (
  `id` int(10) UNSIGNED NOT NULL,
  `user_id` int(11) NOT NULL,
  `signal_id` int(11) NOT NULL,
  `rating` tinyint(4) NOT NULL,
  `comment` text COLLATE utf8mb4_unicode_ci NOT NULL,
  `created_at` timestamp NULL DEFAULT NULL,
  `updated_at` timestamp NULL DEFAULT NULL
) ENGINE=InnoDB DEFAULT CHARSET=utf8mb4 COLLATE=utf8mb4_unicode_ci;

--
-- Dumping data for table `signal_ratings`
--

INSERT INTO `signal_ratings` (`id`, `user_id`, `signal_id`, `rating`, `comment`, `created_at`, `updated_at`) VALUES
(1, -1, 3, 4, 'Good', '2019-01-14 19:24:30', '2019-01-14 19:24:30');

-- --------------------------------------------------------

--
-- Table structure for table `sliders`
--

CREATE TABLE `sliders` (
  `id` int(10) UNSIGNED NOT NULL,
  `image` varchar(191) COLLATE utf8mb4_unicode_ci DEFAULT NULL,
  `main_title` varchar(191) COLLATE utf8mb4_unicode_ci DEFAULT NULL,
  `sub_title` varchar(191) COLLATE utf8mb4_unicode_ci NOT NULL,
  `slider_text` varchar(191) COLLATE utf8mb4_unicode_ci NOT NULL,
  `created_at` timestamp NULL DEFAULT NULL,
  `updated_at` timestamp NULL DEFAULT NULL
) ENGINE=InnoDB DEFAULT CHARSET=utf8mb4 COLLATE=utf8mb4_unicode_ci;

--
-- Dumping data for table `sliders`
--

INSERT INTO `sliders` (`id`, `image`, `main_title`, `sub_title`, `slider_text`, `created_at`, `updated_at`) VALUES
(32, 'slider_1547645330.jpg', 'Forex Trade Signal', 'Forex Trade signal', 'Lorem Ipsum is simply dummy text of the printing and typesetting industry.', '2019-01-16 13:28:51', '2019-01-16 13:28:51'),
(33, 'slider_1645735397.jpg', 'Forex Slider', 'Forex Slider and Crypto Analysis', 'Forex Slider and Crypto Analysis', '2022-02-24 14:42:54', '2022-02-24 14:43:17');

-- --------------------------------------------------------

--
-- Table structure for table `sms_gateways`
--

CREATE TABLE `sms_gateways` (
  `id` bigint(20) UNSIGNED NOT NULL,
  `name` varchar(191) COLLATE utf8mb4_unicode_ci NOT NULL,
  `driver` varchar(191) COLLATE utf8mb4_unicode_ci NOT NULL,
  `image` varchar(191) COLLATE utf8mb4_unicode_ci NOT NULL,
  `data` longtext CHARACTER SET utf8mb4 COLLATE utf8mb4_bin DEFAULT NULL,
  `status` tinyint(1) NOT NULL DEFAULT 0,
  `created_at` timestamp NULL DEFAULT NULL,
  `updated_at` timestamp NULL DEFAULT NULL
) ENGINE=InnoDB DEFAULT CHARSET=utf8mb4 COLLATE=utf8mb4_unicode_ci;

--
-- Dumping data for table `sms_gateways`
--

INSERT INTO `sms_gateways` (`id`, `name`, `driver`, `image`, `data`, `status`, `created_at`, `updated_at`) VALUES
(1, 'AWS SNS', 'sns', 'sns_1666003833.png', '{\"key\":\"asasd\",\"secret\":\"asdasd\",\"region\":\"asdas\",\"sender\":\"asdasd\",\"type\":\"Promotional\"}', 1, NULL, '2022-10-17 09:12:34'),
(2, 'Textlocal', 'textlocal', 'textlocal_1666006589.png', '{\"username\":\"asdas\",\"hash\":\"asdasasdas\",\"sender\":\"asdas\"}', 1, NULL, '2022-10-17 09:12:28'),
(3, 'Twilio SMS', 'twilio', 'twilio_1666020234.png', '{\"sid\":\"asdasd\",\"token\":\"adasd\",\"from\":\"asdasd\"}', 1, NULL, '2022-10-17 09:24:37'),
(4, 'Clockwork SMS', 'clockwork', 'clockwork_1666020395.jpg', '{\"key\":\"sadasdas\"}', 1, NULL, '2022-10-17 09:26:35'),
(5, 'Linkmobility', 'linkmobility', 'linkmobility_1666020584.jpg', '{\"username\":\"asdasd\",\"password\":\"asdasd\",\"sender\":\"asdasd\"}', 1, NULL, '2022-10-17 09:41:16'),
(6, 'Melipayamak', 'melipayamak', 'melipayamak_1666021257.png', '{\"username\":\"asdasd\",\"password\":\"asdasd\",\"from\":\"asdasd\",\"flash\":\"false\"}', 1, NULL, '2022-10-17 09:40:57'),
(7, 'Melipayamakpattern', 'melipayamakpattern', 'melipayamakpattern_1666021653.jpeg', '{\"username\":\"asasdas\",\"password\":\"asdasd\"}', 1, NULL, '2022-10-17 09:47:33'),
(8, 'Kavenegar', 'kavenegar', 'kavenegar_1666021876.png', '{\"apiKey\":\"asdasd\",\"from\":\"asdasd\"}', 1, NULL, '2022-10-17 09:51:16'),
(9, 'Smsir', 'smsir', 'smsir_1666022050.jpeg', '{\"apiKey\":\"asdsad\",\"secretKey\":\"asdasd\",\"from\":\"asdasd\"}', 1, NULL, '2022-10-17 09:54:10'),
(10, 'Tsms', 'tsms', 'tsms_1666022329.png', '{\"username\":\"asdasd\",\"password\":\"asdasd\",\"from\":\"asdasd\"}', 1, NULL, '2022-10-17 10:03:20'),
(11, 'Farazsms', 'farazsms', 'farazsms_1666022735.png', '{\"username\":\"asdasd\",\"password\":\"asdasd\",\"from\":\"asdasd\"}', 1, NULL, '2022-10-17 10:05:35'),
(12, 'Smsgatewayme', 'smsgatewayme', 'smsgatewayme_1666022959.png', '{\"apiToken\":\"asdasd\",\"from\":\"asdasd\"}', 1, NULL, '2022-10-17 10:09:38'),
(13, 'Smsgateway24', 'smsgateway24', 'smsgateway24_1666023320.png', '{\"token\":\"asdasd\",\"deviceid\":\"asdasd\",\"sim\":\"1\"}', 1, NULL, '2022-10-17 13:39:21'),
(14, 'Ghasedak', 'ghasedak', 'ghasedak_1666023439.jpeg', '{\"apiKey\":\"asdasd\",\"from\":\"asdas\"}', 1, NULL, '2022-10-17 13:39:16'),
(16, 'Sabapayamak', 'sabapayamak', 'sabapayamak_1666023835.png', '{\"username\":\"asdasd\",\"password\":\"adasd\",\"from\":\"asdas\"}', 1, NULL, '2022-10-17 13:39:05'),
(17, 'BulksmsBD', 'bulksmsbd', 'bulksmsbd_1666033265.png', '{\"username\":\"01571118839\",\"password\":\"DemoSoftware\"}', 1, NULL, '2022-11-02 08:13:15'),
(18, 'Nexmo', 'nexmo', 'nexmo_1666036049.png', '{\"key\":\"adasd\",\"secret\":\"asdasd\"}', 1, NULL, '2022-10-17 13:47:40'),
(19, 'Infobip', 'infobip', 'infobip_1666098552.png', '{\"username\":\"asdasd\",\"password\":\"asdasd\",\"sender\":\"asdasd\"}', 1, NULL, '2022-10-18 07:09:13'),
(20, 'Messagebird', 'messagebird', 'messagebird_1666099560.png', '{\"apiKey\":\"adasd\",\"sender\":\"ffff\"}', 1, NULL, '2022-10-18 21:11:00'),
(21, 'bulksmsnigeria.com', 'bulksmsnigeria', 'bulksmsnigeria_1666149740.png', '{\"apiKey\":\"pY6XDEgHWIxNoLdJApZN3sUcNs0dLNHtQe3OFmHxIrGuwHDaOcS7voabRFmR\",\"sender\":\"BulkSMS.ng\"}', 1, NULL, '2022-10-18 21:53:29'),
(22, 'Nigeriabulksms', 'nigeriabulksms', 'nigeriabulksms_1666150659.png', '{\"username\":\"asdsa\",\"password\":\"asdas\",\"sender\":\"asdasd\"}', 1, NULL, '2022-10-18 21:37:46'),
(23, 'URL', 'httpurl', 'url_1666153978.png', '{\"url\":\"https:\\/\\/api.smsglobal.com\\/http-api.php?action=sendsms&user=*************&password=*************&from=*************&to={{number}}&text={{message}}\"}', 1, NULL, '2022-10-18 22:34:24');

-- --------------------------------------------------------

--
-- Table structure for table `socials`
--

CREATE TABLE `socials` (
  `id` int(10) UNSIGNED NOT NULL,
  `name` varchar(191) COLLATE utf8mb4_unicode_ci NOT NULL,
  `code` varchar(191) COLLATE utf8mb4_unicode_ci NOT NULL,
  `link` varchar(191) COLLATE utf8mb4_unicode_ci NOT NULL,
  `created_at` timestamp NULL DEFAULT NULL,
  `updated_at` timestamp NULL DEFAULT NULL
) ENGINE=InnoDB DEFAULT CHARSET=utf8mb4 COLLATE=utf8mb4_unicode_ci;

--
-- Dumping data for table `socials`
--

INSERT INTO `socials` (`id`, `name`, `code`, `link`, `created_at`, `updated_at`) VALUES
(3, 'Facebook', '<i class=\"fa fa-facebook\" aria-hidden=\"true\"></i>', 'https://www.facebook.com/softwarezon', '2017-08-19 12:25:30', '2019-01-14 17:16:28'),
(5, 'twitter', '<i class=\"fa fa-twitter\" aria-hidden=\"true\"></i>', '#', '2017-08-19 12:29:52', '2018-12-25 19:47:39'),
(6, 'linkedin', '<i class=\"fa fa-linkedin\" aria-hidden=\"true\"></i>', '#', '2017-08-19 12:30:23', '2018-12-25 19:47:32'),
(7, 'Google plus', '<i class=\"fa fa-google-plus\" aria-hidden=\"true\"></i>', '#', '2017-08-19 12:32:35', '2018-12-25 19:47:25'),
(8, 'Instragram', '<i class=\"fa fa-instagram\" aria-hidden=\"true\"></i>', 'https://www.instagram.com/', '2017-12-08 22:38:45', '2019-01-14 17:16:36');

-- --------------------------------------------------------

--
-- Table structure for table `specialities`
--

CREATE TABLE `specialities` (
  `id` int(10) UNSIGNED NOT NULL,
  `name` varchar(255) COLLATE utf8mb4_unicode_ci DEFAULT NULL,
  `icon` varchar(255) COLLATE utf8mb4_unicode_ci DEFAULT NULL,
  `description` text COLLATE utf8mb4_unicode_ci DEFAULT NULL,
  `created_at` timestamp NULL DEFAULT NULL,
  `updated_at` timestamp NULL DEFAULT NULL
) ENGINE=InnoDB DEFAULT CHARSET=utf8mb4 COLLATE=utf8mb4_unicode_ci;

--
-- Dumping data for table `specialities`
--

INSERT INTO `specialities` (`id`, `name`, `icon`, `description`, `created_at`, `updated_at`) VALUES
(2, 'Signal Provider', '<i class=\"fa fa-line-chart speciality-fa\"></i>', '90%+ is our trading signal\'s success rate , so you can earn and grow with us. our signals will be sent to your Telegram , Email, your account in our website and very soon through sms and mobile app', '2017-11-23 18:40:49', '2019-01-02 08:26:59'),
(3, 'MQL copy trade', '<i class=\"fa fa-indent\"></i>', 'join our MQL as follower, then Seat ,relax and just withdraw the trading profit any time you want .\r\nour trades will automatically will be copied to your real account through MQL', '2017-11-23 18:42:19', '2019-01-02 08:27:52'),
(4, 'PAMM Account', '<i class=\"fa fa-sliders\" aria-hidden=\"true\"></i>', 'Anyone can join our PAMM pool account , in chosen/suggested brokers . \r\neasily find out the list of our brokers and join through our link ,\r\nin Broker  page (main menu).\r\nits based on profit sharing', '2017-12-11 07:36:34', '2019-01-02 08:37:30'),
(5, 'Experienced Trading & Analysis Team', '<i class=\"fa fa-star-o\" aria-hidden=\"true\"></i>', 'Provider team is contains of most experienced experts in Forex Trading and analyzing', '2017-12-11 07:37:30', '2019-01-16 12:03:54'),
(6, 'Affordable price & High quality services', '<i class=\"fa fa-heart-o\" aria-hidden=\"true\"></i>', 'We love our clients and Proud to our high level service , that anyone can afford and be successful in forex Trading', '2017-12-11 07:38:12', '2019-01-02 08:54:51'),
(7, 'Friendly and premium customer support', '<i class=\"fa fa-cogs\" aria-hidden=\"true\"></i>', 'Provide Premium fast client support services.\r\nalso monitoring all support processing to make sure,will remain perfect', '2017-12-11 07:39:14', '2022-02-26 09:54:34');

-- --------------------------------------------------------

--
-- Table structure for table `staff`
--

CREATE TABLE `staff` (
  `id` int(10) UNSIGNED NOT NULL,
  `name` varchar(191) COLLATE utf8mb4_unicode_ci NOT NULL,
  `email` varchar(191) COLLATE utf8mb4_unicode_ci NOT NULL,
  `country_code` varchar(191) COLLATE utf8mb4_unicode_ci NOT NULL,
  `phone` varchar(191) COLLATE utf8mb4_unicode_ci NOT NULL,
  `image` varchar(100) COLLATE utf8mb4_unicode_ci DEFAULT NULL,
  `status` tinyint(1) NOT NULL DEFAULT 0,
  `permissions` longtext CHARACTER SET utf8mb4 COLLATE utf8mb4_bin DEFAULT NULL,
  `password` varchar(191) COLLATE utf8mb4_unicode_ci NOT NULL,
  `remember_token` varchar(100) COLLATE utf8mb4_unicode_ci DEFAULT NULL,
  `created_at` timestamp NULL DEFAULT NULL,
  `updated_at` timestamp NULL DEFAULT NULL
) ENGINE=InnoDB DEFAULT CHARSET=utf8mb4 COLLATE=utf8mb4_unicode_ci;

--
-- Dumping data for table `staff`
--

INSERT INTO `staff` (`id`, `name`, `email`, `country_code`, `phone`, `image`, `status`, `permissions`, `password`, `remember_token`, `created_at`, `updated_at`) VALUES
(1, 'Staff Rahman', 'staff@gmail.com', '+880', '01974447300', NULL, 1, '[\"manage-signal\",\"manage-post\",\"manage-user\",\"manage-payment\",\"manage-withdraw\"]', '$2y$10$L0ZLoTbB9jaQ/YyV/Las/uFX71Tu8AwCS3AhwXoU1eziSaPrWAOTu', 'TBlCnF4R8oquZhoDMKfJHj7BDukEd0hOUI11hA2rCzDUjKYrpo1Ik42JPORX', '2018-12-21 20:41:52', '2022-10-28 04:25:47');

-- --------------------------------------------------------

--
-- Table structure for table `statuses`
--

CREATE TABLE `statuses` (
  `id` int(10) UNSIGNED NOT NULL,
  `name` varchar(191) COLLATE utf8mb4_unicode_ci NOT NULL,
  `slug` varchar(191) COLLATE utf8mb4_unicode_ci NOT NULL,
  `status` tinyint(1) NOT NULL DEFAULT 0,
  `created_at` timestamp NULL DEFAULT NULL,
  `updated_at` timestamp NULL DEFAULT NULL
) ENGINE=InnoDB DEFAULT CHARSET=utf8mb4 COLLATE=utf8mb4_unicode_ci;

--
-- Dumping data for table `statuses`
--

INSERT INTO `statuses` (`id`, `name`, `slug`, `status`, `created_at`, `updated_at`) VALUES
(1, 'ACTIVE', 'active', 1, '2018-11-08 19:33:51', '2018-11-11 16:34:00'),
(2, 'TAKE PROFIT', 'take-profit', 1, '2018-11-08 19:34:01', '2018-11-11 16:33:45'),
(3, 'CLOSED', 'closed', 1, '2018-11-08 19:34:09', '2018-11-08 19:34:09'),
(4, 'PENDING', 'pending', 1, '2018-11-08 19:34:16', '2018-11-08 19:34:16'),
(5, 'WATCHING', 'watching', 1, '2018-11-08 19:34:26', '2018-11-11 16:35:03'),
(6, 'WIN', 'won', 1, '2018-11-11 16:34:24', '2018-11-15 06:21:22'),
(7, 'LOSS', 'loss', 1, '2018-11-11 16:34:32', '2022-10-16 03:32:36'),
(8, 'EXPIRED', 'expired', 1, '2018-11-11 16:34:39', '2018-11-11 16:34:39'),
(9, 'TOOK PROFIT', 'took-profit', 1, '2018-11-13 17:42:12', '2018-11-13 17:42:12'),
(10, 'ADD TO POSITION', 'add-to-position', 1, '2018-11-13 17:48:21', '2018-11-13 17:48:21');

-- --------------------------------------------------------

--
-- Table structure for table `subscribes`
--

CREATE TABLE `subscribes` (
  `id` int(10) UNSIGNED NOT NULL,
  `email` varchar(191) COLLATE utf8mb4_unicode_ci NOT NULL,
  `created_at` timestamp NULL DEFAULT NULL,
  `updated_at` timestamp NULL DEFAULT NULL
) ENGINE=InnoDB DEFAULT CHARSET=utf8mb4 COLLATE=utf8mb4_unicode_ci;

-- --------------------------------------------------------

--
-- Table structure for table `subscribe_messages`
--

CREATE TABLE `subscribe_messages` (
  `id` int(11) NOT NULL,
  `title` varchar(191) NOT NULL,
  `message` blob NOT NULL,
  `status` tinyint(1) NOT NULL DEFAULT 0,
  `created_at` timestamp NOT NULL DEFAULT current_timestamp() ON UPDATE current_timestamp(),
  `updated_at` timestamp NOT NULL DEFAULT '0000-00-00 00:00:00'
) ENGINE=MyISAM DEFAULT CHARSET=latin1;

-- --------------------------------------------------------

--
-- Table structure for table `subscribe_message_cron`
--

CREATE TABLE `subscribe_message_cron` (
  `id` int(11) NOT NULL,
  `message_id` int(11) NOT NULL,
  `subscriber_id` int(11) NOT NULL,
  `created_at` timestamp NOT NULL DEFAULT current_timestamp() ON UPDATE current_timestamp(),
  `updated_at` timestamp NOT NULL DEFAULT '0000-00-00 00:00:00'
) ENGINE=MyISAM DEFAULT CHARSET=latin1;

-- --------------------------------------------------------

--
-- Table structure for table `symbols`
--

CREATE TABLE `symbols` (
  `id` int(10) UNSIGNED NOT NULL,
  `name` varchar(191) COLLATE utf8mb4_unicode_ci NOT NULL,
  `slug` varchar(191) COLLATE utf8mb4_unicode_ci NOT NULL,
  `status` tinyint(1) NOT NULL DEFAULT 0,
  `created_at` timestamp NULL DEFAULT NULL,
  `updated_at` timestamp NULL DEFAULT NULL
) ENGINE=InnoDB DEFAULT CHARSET=utf8mb4 COLLATE=utf8mb4_unicode_ci;

--
-- Dumping data for table `symbols`
--

INSERT INTO `symbols` (`id`, `name`, `slug`, `status`, `created_at`, `updated_at`) VALUES
(7, 'AUD/CAD', 'audcad', 1, '2018-11-11 15:45:50', '2018-11-11 15:45:50'),
(8, 'AUD/CHF', 'audchf', 1, '2018-11-11 15:47:02', '2018-11-11 15:47:02'),
(9, 'AUD/JPY', 'audjpy', 1, '2018-11-11 15:47:35', '2018-11-11 15:47:35'),
(10, 'AUD/NZD', 'audnzd', 1, '2018-11-11 15:47:50', '2018-11-11 15:47:50'),
(11, 'AUD/SGD', 'audsgd', 1, '2018-11-11 15:48:04', '2018-11-11 15:48:04'),
(12, 'AUD/USD', 'audusd', 1, '2018-11-11 15:48:14', '2018-11-11 15:48:14'),
(13, 'CAD/CHF', 'cadchf', 1, '2018-11-11 15:48:40', '2018-11-11 15:48:40'),
(14, 'CAD/JPY', 'cadjpy', 1, '2018-11-11 15:48:54', '2018-11-11 15:48:54'),
(16, 'CHF/SGD', 'chfsgd', 1, '2018-11-11 15:49:32', '2018-11-11 15:49:32'),
(17, 'EUR/AUD', 'euraud', 1, '2018-11-11 15:49:53', '2018-11-11 15:49:53'),
(18, 'EUR/CAD', 'eurcad', 1, '2018-11-11 15:50:07', '2018-11-11 15:50:07'),
(19, 'EUR/CHF', 'eurchf', 1, '2018-11-11 15:50:21', '2018-11-11 15:50:21'),
(20, 'EUR/GBP', 'eurgbp', 1, '2018-11-11 15:50:57', '2018-11-11 15:50:57'),
(21, 'EUR/JPY', 'eurjpy', 1, '2018-11-11 15:51:10', '2018-11-11 15:51:10'),
(22, 'EUR/NZD', 'eurnzd', 1, '2018-11-11 15:51:28', '2018-11-11 15:51:28'),
(23, 'EUR/SGD', 'eursgd', 1, '2018-11-11 15:51:48', '2018-11-11 15:51:48'),
(24, 'EUR/USD', 'eurusd', 1, '2018-11-11 15:52:03', '2018-11-11 15:52:03'),
(25, 'GBP/AUD', 'gbpaud', 1, '2018-11-11 15:52:17', '2018-11-11 15:52:17'),
(26, 'GBP/CAD', 'gbpcad', 1, '2018-11-11 15:52:28', '2018-11-11 15:52:28'),
(27, 'GBP/CHF', 'gbpchf', 1, '2018-11-11 15:52:39', '2018-11-11 15:52:39'),
(28, 'GBP/JPY', 'gbpjpy', 1, '2018-11-11 15:52:58', '2018-11-11 15:52:58'),
(29, 'GBP/NZD', 'gbpnzd', 1, '2018-11-11 15:53:09', '2018-11-11 15:53:09'),
(30, 'GBP/SGD', 'gbpsgd', 1, '2018-11-11 15:53:21', '2018-11-11 15:53:21'),
(31, 'GBP/USD', 'gbpusd', 1, '2018-11-11 15:53:37', '2018-11-11 15:53:37'),
(32, 'GOLD', 'gold', 1, '2018-11-11 15:53:51', '2018-11-11 15:53:51'),
(33, 'NZD/CAD', 'nzdcad', 1, '2018-11-11 15:54:24', '2018-11-11 15:54:24'),
(34, 'NZD/CHF', 'nzdchf', 1, '2018-11-11 15:54:36', '2018-11-11 15:54:36'),
(35, 'NZD/JPY', 'nzdjpy', 1, '2018-11-11 15:54:48', '2018-11-11 15:54:48'),
(36, 'NZD/SGD', 'nzdsgd', 1, '2018-11-11 15:54:58', '2018-11-11 15:54:58'),
(37, 'NZD/USD', 'nzdusd', 1, '2018-11-11 15:55:08', '2018-11-11 15:55:08'),
(38, 'SGD/JPY', 'sgdjpy', 1, '2018-11-11 15:55:20', '2018-11-11 15:55:20'),
(39, 'USD/CAD', 'usdcad', 1, '2018-11-11 15:55:31', '2018-11-11 15:55:31'),
(40, 'USD/CHF', 'usdchf', 1, '2018-11-11 15:55:48', '2018-11-11 15:55:48'),
(41, 'USD/JPY', 'usdjpy', 1, '2018-11-11 15:56:01', '2018-11-11 15:56:01'),
(42, 'USD/SGD', 'usdsgd', 1, '2018-11-11 15:56:12', '2018-11-11 15:56:12'),
(43, 'XAG/USD', 'xagusd', 1, '2018-11-11 15:56:24', '2018-11-11 15:56:24'),
(44, 'XAU/USD', 'xauusd', 1, '2018-11-11 15:56:34', '2018-11-11 15:56:34'),
(46, 'BTC/USD', 'btcusd', 1, '2018-11-11 15:59:29', '2018-11-11 15:59:29'),
(47, 'ETH/USD', 'ethusd', 1, '2018-11-11 15:59:44', '2018-11-11 15:59:44');

-- --------------------------------------------------------

--
-- Table structure for table `telegram_drivers`
--

CREATE TABLE `telegram_drivers` (
  `id` bigint(20) UNSIGNED NOT NULL,
  `token` varchar(191) COLLATE utf8mb4_unicode_ci DEFAULT NULL,
  `url` varchar(191) COLLATE utf8mb4_unicode_ci DEFAULT NULL,
  `created_at` timestamp NULL DEFAULT NULL,
  `updated_at` timestamp NULL DEFAULT NULL
) ENGINE=InnoDB DEFAULT CHARSET=utf8mb4 COLLATE=utf8mb4_unicode_ci;

--
-- Dumping data for table `telegram_drivers`
--

INSERT INTO `telegram_drivers` (`id`, `token`, `url`, `created_at`, `updated_at`) VALUES
(2, '1149630544:AAFaHaelXu8sW8SSPtJJbDKJo9n0JZ2uYkU', 'http://t.me/softwarezonBot', '2022-10-24 07:03:53', '2022-10-24 07:03:53');

-- --------------------------------------------------------

--
-- Table structure for table `testimonials`
--

CREATE TABLE `testimonials` (
  `id` int(10) UNSIGNED NOT NULL,
  `name` varchar(191) COLLATE utf8mb4_unicode_ci NOT NULL,
  `image` varchar(191) COLLATE utf8mb4_unicode_ci NOT NULL,
  `position` varchar(100) COLLATE utf8mb4_unicode_ci NOT NULL,
  `message` blob NOT NULL,
  `status` tinyint(1) NOT NULL DEFAULT 1,
  `created_at` timestamp NULL DEFAULT NULL,
  `updated_at` timestamp NULL DEFAULT NULL
) ENGINE=InnoDB DEFAULT CHARSET=utf8mb4 COLLATE=utf8mb4_unicode_ci;

--
-- Dumping data for table `testimonials`
--

INSERT INTO `testimonials` (`id`, `name`, `image`, `position`, `message`, `status`, `created_at`, `updated_at`) VALUES
(3, 'Alex', 'testimonial_1517079811.jpg', 'Web Developer', 0x4c6f72656d20497073756d2069732073696d706c792064756d6d792074657874206f6620746865207072696e74696e6720616e64207479706573657474696e6720696e6475737472792e204c6f72656d20497073756d20686173206265656e2074686520696e6475737472792773207374616e646172642064756d6d79207465787420657665722073696e6365207468652031353030732c207768656e20616e20756e6b6e6f776e207072696e7465722e, 0, '2017-11-27 01:42:10', '2018-01-27 19:03:31'),
(5, 'Masud Rana', 'testimonial_1517079621.jpg', 'CEO, MoniasoftHouse', 0x4c6f72656d20497073756d2069732073696d706c792064756d6d792074657874206f6620746865207072696e74696e6720616e64207479706573657474696e6720696e6475737472792e204c6f72656d20497073756d20686173206265656e2074686520696e6475737472792773207374616e646172642064756d6d79207465787420657665722073696e6365207468652031353030732c207768656e20616e20756e6b6e6f776e207072696e7465722e, 0, '2018-01-27 19:00:21', '2018-01-27 19:00:21'),
(6, 'Quemby Henderson', 'testimonial_1666853561.png', 'Dolore quis itaque c', 0x46756769617420656f7320726572756d206c61, 0, '2022-10-27 00:52:42', '2022-10-27 00:52:42');

-- --------------------------------------------------------

--
-- Table structure for table `transaction_logs`
--

CREATE TABLE `transaction_logs` (
  `id` int(10) UNSIGNED NOT NULL,
  `custom` varchar(255) COLLATE utf8mb4_unicode_ci NOT NULL,
  `user_id` int(11) NOT NULL,
  `type` tinyint(4) NOT NULL,
  `balance` varchar(255) COLLATE utf8mb4_unicode_ci NOT NULL,
  `post_balance` varchar(255) COLLATE utf8mb4_unicode_ci NOT NULL,
  `details` text COLLATE utf8mb4_unicode_ci NOT NULL,
  `created_at` timestamp NULL DEFAULT NULL,
  `updated_at` timestamp NULL DEFAULT NULL
) ENGINE=InnoDB DEFAULT CHARSET=utf8mb4 COLLATE=utf8mb4_unicode_ci;

--
-- Dumping data for table `transaction_logs`
--

INSERT INTO `transaction_logs` (`id`, `custom`, `user_id`, `type`, `balance`, `post_balance`, `details`, `created_at`, `updated_at`) VALUES
(1, 'M6wW1m7mJvWEbgyF', 12, 7, '24.75', '0', 'ihsanullah44 - Reference Bonus', '2020-02-18 20:16:37', '2020-02-18 20:16:37'),
(2, 'p3tyBdhLa9EIYSnC', 33, 7, '7.45', '0', '1st Level Reference Bonus', '2022-10-29 08:48:18', '2022-10-29 08:48:18'),
(3, 'ojM5fSV9WvEc79Es', 33, 7, '9.95', '0', '1st Level Reference Bonus', '2022-10-29 08:55:37', '2022-10-29 08:55:37'),
(4, 'ojM5fSV9WvEc79Es', 32, 7, '7.96', '0', '2nd Level Reference Bonus', '2022-10-29 08:55:37', '2022-10-29 08:55:37'),
(5, 'ojM5fSV9WvEc79Es', 31, 7, '5.97', '0', '3rd Level Reference Bonus', '2022-10-29 08:55:37', '2022-10-29 08:55:37'),
(6, 'ojM5fSV9WvEc79Es', 30, 7, '3.98', '0', '4th Level Reference Bonus', '2022-10-29 08:55:37', '2022-10-29 08:55:37'),
(7, 'ojM5fSV9WvEc79Es', 29, 7, '1.99', '0', '5th Level Reference Bonus', '2022-10-29 08:55:37', '2022-10-29 08:55:37'),
(8, 'QJI0Ccvji8r3vXbA', 32, 7, '12.45', '0', '1st Level Reference Bonus', '2022-10-29 08:57:39', '2022-10-29 08:57:39'),
(9, 'QJI0Ccvji8r3vXbA', 31, 7, '9.96', '0', '2nd Level Reference Bonus', '2022-10-29 08:57:39', '2022-10-29 08:57:39'),
(10, 'QJI0Ccvji8r3vXbA', 30, 7, '7.47', '0', '3rd Level Reference Bonus', '2022-10-29 08:57:39', '2022-10-29 08:57:39'),
(11, 'QJI0Ccvji8r3vXbA', 29, 7, '4.98', '0', '4th Level Reference Bonus', '2022-10-29 08:57:39', '2022-10-29 08:57:39'),
(12, 'QJI0Ccvji8r3vXbA', 12, 7, '2.49', '0', '5th Level Reference Bonus', '2022-10-29 08:57:39', '2022-10-29 08:57:39');

-- --------------------------------------------------------

--
-- Table structure for table `types`
--

CREATE TABLE `types` (
  `id` int(10) UNSIGNED NOT NULL,
  `name` varchar(191) COLLATE utf8mb4_unicode_ci NOT NULL,
  `slug` varchar(191) COLLATE utf8mb4_unicode_ci NOT NULL,
  `status` tinyint(1) NOT NULL DEFAULT 0,
  `created_at` timestamp NULL DEFAULT NULL,
  `updated_at` timestamp NULL DEFAULT NULL
) ENGINE=InnoDB DEFAULT CHARSET=utf8mb4 COLLATE=utf8mb4_unicode_ci;

--
-- Dumping data for table `types`
--

INSERT INTO `types` (`id`, `name`, `slug`, `status`, `created_at`, `updated_at`) VALUES
(1, 'BUY', 'buy', 1, '2018-11-08 18:53:41', '2018-11-10 20:28:26'),
(2, 'SELL', 'sell', 1, '2018-11-08 18:53:49', '2018-11-10 20:28:20'),
(3, 'BUY LIMIT', 'buy-limit', 1, '2018-11-08 18:54:00', '2018-11-10 20:08:12'),
(4, 'STOP LIMIT', 'stop-limit', 1, '2018-11-08 18:54:09', '2018-11-10 20:08:07'),
(5, 'BUY STOP', 'buy-stop', 1, '2018-11-08 18:54:19', '2018-11-10 20:08:02'),
(7, 'SELL STOP', 'sell-stop', 1, '2018-11-08 18:54:56', '2018-11-10 20:07:57'),
(9, 'ANALYSIS', 'analysis', 1, '2019-01-13 22:11:56', '2019-01-13 22:11:56');

-- --------------------------------------------------------

--
-- Table structure for table `users`
--

CREATE TABLE `users` (
  `id` int(10) UNSIGNED NOT NULL,
  `name` varchar(191) COLLATE utf8mb4_unicode_ci NOT NULL,
  `username` varchar(191) COLLATE utf8mb4_unicode_ci DEFAULT NULL,
  `image` varchar(191) COLLATE utf8mb4_unicode_ci DEFAULT 'user-default.png',
  `email` varchar(191) COLLATE utf8mb4_unicode_ci NOT NULL,
  `country_code` varchar(191) COLLATE utf8mb4_unicode_ci NOT NULL,
  `phone` varchar(191) COLLATE utf8mb4_unicode_ci NOT NULL,
  `telegram_token` varchar(191) COLLATE utf8mb4_unicode_ci DEFAULT NULL,
  `telegram_id` varchar(191) COLLATE utf8mb4_unicode_ci DEFAULT NULL,
  `whatsapp_token` varchar(32) COLLATE utf8mb4_unicode_ci DEFAULT NULL,
  `whatsapp_id` varchar(15) COLLATE utf8mb4_unicode_ci DEFAULT NULL,
  `email_code` varchar(191) COLLATE utf8mb4_unicode_ci NOT NULL,
  `email_expire` datetime DEFAULT NULL,
  `email_status` tinyint(1) NOT NULL DEFAULT 0,
  `phone_expire` datetime DEFAULT NULL,
  `phone_code` varchar(191) COLLATE utf8mb4_unicode_ci NOT NULL,
  `phone_status` tinyint(1) DEFAULT 0,
  `balance` varchar(191) COLLATE utf8mb4_unicode_ci DEFAULT '0',
  `parent_id` int(11) NOT NULL DEFAULT 0,
  `plan_id` int(11) NOT NULL,
  `plan_status` tinyint(1) NOT NULL DEFAULT 0,
  `free_plan_status` tinyint(1) NOT NULL DEFAULT 0,
  `coupon_status` tinyint(1) DEFAULT 0,
  `signal_status` tinyint(1) NOT NULL DEFAULT 0,
  `amount` varchar(100) COLLATE utf8mb4_unicode_ci NOT NULL DEFAULT '0',
  `expire_time` varchar(191) COLLATE utf8mb4_unicode_ci NOT NULL,
  `status` tinyint(1) NOT NULL DEFAULT 0,
  `up_status` tinyint(1) NOT NULL DEFAULT 0,
  `up_plan_id` tinyint(1) DEFAULT NULL,
  `password` varchar(191) COLLATE utf8mb4_unicode_ci NOT NULL,
  `remember_token` varchar(100) COLLATE utf8mb4_unicode_ci DEFAULT NULL,
  `created_at` timestamp NULL DEFAULT NULL,
  `updated_at` timestamp NULL DEFAULT NULL
) ENGINE=InnoDB DEFAULT CHARSET=utf8mb4 COLLATE=utf8mb4_unicode_ci;

--
-- Dumping data for table `users`
--

INSERT INTO `users` (`id`, `name`, `username`, `image`, `email`, `country_code`, `phone`, `telegram_token`, `telegram_id`, `whatsapp_token`, `whatsapp_id`, `email_code`, `email_expire`, `email_status`, `phone_expire`, `phone_code`, `phone_status`, `balance`, `parent_id`, `plan_id`, `plan_status`, `free_plan_status`, `coupon_status`, `signal_status`, `amount`, `expire_time`, `status`, `up_status`, `up_plan_id`, `password`, `remember_token`, `created_at`, `updated_at`) VALUES
(12, 'Demo user', 'demouser', '1645740101.jpg', 'user@gmail.com', '+880', '15711118839', '6EUXGE7NLXBX1KZKJXO6N77ZHJSGU41A', '964193798', 'EJW53XZMXUHV', NULL, '0MNIMI', '2019-01-15 03:45:11', 1, NULL, '73232', 1, '27.24', 0, 1, 0, 0, 0, 0, '0', '2022-12-27 10:34:47', 0, 0, NULL, '$2y$10$79DadgKCp0.y7nY8bRd2B./HjBU1NSvlfOdVfAWiDA.cNf2AuPJzi', 'hG587xVz1UctzetWCB2KVPgrRnMtIeW4VVQo0wNq7Rmb58UbSziQXMSxAE52', '2019-01-14 21:42:11', '2022-10-29 08:57:39'),
(21, 'Summer Blevins', 'xibehyseje', 'user-default.png', 'xibehyseje@test.com', '+961', '01185489643', 'G76454FYGOINFU5UEF1ZVB2YUT20OAQZ', NULL, NULL, NULL, 'LFUEWG', '2022-03-01 17:34:59', 1, '2022-03-01 17:35:04', '58957', 1, '0', 0, 3, 1, 0, 0, 0, '0', '2022-04-30 05:31:59', 0, 0, NULL, '$2y$10$vph.rErNVOyk516bF78p3utDZ3eV6udaz3IScgyDZ66soZV40QQ/K', 'MqtLt7Hle2TA974dhV3AG4MNaUP84YkuujwyfrbPnkbrYNClH7DXTVnRx4AR', '2022-03-01 11:31:59', '2022-09-24 05:36:42'),
(22, 'Brendan Hart', 'fygyhuma', 'user-default.png', 'cupy@test.com', '+299', '01129433576', 'AVFOTT4YIHDAX7XRFFAITT1M9RB0NXFW', NULL, NULL, NULL, 'RL3PKI', '2022-10-25 17:09:35', 1, '2022-10-25 17:09:40', '42844', 1, '0', 0, 4, 0, 0, 0, 0, '0', '2022-12-24 17:06:34', 0, 0, NULL, '$2y$10$5ypSDbBSRj6p0ZfWe7pq.eCCTT2iQNPsm/krEA7.n88jd8WkO0ZS.', NULL, '2022-10-25 11:06:35', '2022-10-25 11:07:16'),
(23, 'Lavinia Durham', 'lypybyzy', 'user-default.png', 'rece@test.com', '+92', '01502472511', 'VATNXQYFW8TM6QCKOZCNG74XTYLVCVQB', NULL, NULL, NULL, 'AAQI0C', NULL, 1, NULL, '47973', 1, '0', 0, 3, 0, 0, 0, 0, '0', '2022-12-24 17:08:42', 0, 0, NULL, '$2y$10$vmVtRvIsD3QkP.wUGi08feP5wqIKuzU3c6IcfDIJDDOWVXfKGkQW2', NULL, '2022-10-25 11:08:42', '2022-10-25 11:08:42'),
(24, 'Charles Garza', 'wicepinok', 'user-default.png', 'nesyneh@test.com', '+84', '01586275515', 'LA23VYSKO7S2DSDXO18AFAVP0RG2DYUV', NULL, NULL, NULL, 'VQKVUX', NULL, 1, NULL, '90164', 1, '0', 0, 5, 0, 0, 0, 0, '0', '1', 0, 0, NULL, '$2y$10$2SVb.dj2tOG/tpIA48xO7efXRPLIMOeJwFQGu5GchDJXX0TXR2c/G', NULL, '2022-10-25 11:09:00', '2022-10-25 11:09:00'),
(25, 'Kamal Hunt', 'dagecalotu', 'user-default.png', 'tecetow@test.com', '+374', '01113812612', 'QSFLEDTGQLFYPNDWHCG4USTVHBWYCWPJ', NULL, NULL, NULL, 'K3OGQP', NULL, 1, NULL, '26168', 1, '0', 0, 1, 1, 1, 0, 0, '0', '2022-11-24 17:33:26', 0, 0, NULL, '$2y$10$PLnuTjsBKp3gG6JlsrdUlOmnS2UyoNwmMfzHFrRjMCdGty5izzjRK', NULL, '2022-10-25 11:33:26', '2022-10-25 11:33:26'),
(26, 'Yeo Mcneil', 'zymeledax', 'user-default.png', 'kecemafuh@test.com', '+855', '01879894779', 'EFL2VNYIYAMB73760JJD3UXVMJLTFYDF', NULL, NULL, NULL, '34CMSI', NULL, 1, NULL, '35708', 1, '0', 0, 3, 0, 0, 0, 0, '0', '2022-12-24 17:33:49', 0, 0, NULL, '$2y$10$b4ZgyVAd0TUgrEle4xSGdO7fCV.c6RteG5rM2Ipw.RbJEv3IAY4Q2', NULL, '2022-10-25 11:33:49', '2022-10-25 11:33:49'),
(29, 'Level One', 'level1', 'user-default.png', 'levelone@gmail.com', '+880', '18421212121', '9M1M5QGCUDLQDT0YCY9OA6CZB0MLVVY5', NULL, NULL, NULL, 'BTE8C8', '2022-10-29 13:18:05', 1, '2022-10-29 13:18:10', '28578', 1, '6.97', 12, 2, 0, 0, 0, 0, '0', '2022-12-13 13:15:05', 0, 0, NULL, '$2y$10$9ZJMi4w/kG/VqAwBuFF34.W5x3zRTDVLJ8V5581XT6JG0io4rJfJm', NULL, '2022-10-29 07:15:05', '2022-10-29 08:57:39'),
(30, 'Brooke Shields', 'level2', 'user-default.png', 'level2@test.com', '+880', '1718584308', 'NUX6K4O79AQXGKQTFFQEJUC1EOXKNKG4', NULL, NULL, NULL, 'NM5QD4', NULL, 1, NULL, '34033', 1, '11.45', 29, 3, 0, 0, 0, 0, '0', '2022-12-28 14:44:10', 0, 0, NULL, '$2y$10$SaLuVqlyNiTk6fBJ0SQNpe0GZokPn5MbTrSJQP1C0r8SsnV4VrK3O', NULL, '2022-10-29 08:44:10', '2022-10-29 08:57:39'),
(31, 'Deborah Frye', 'level3', 'user-default.png', 'level3@test.com', '+880', '1765524046', 'THQ1DFDAKNZCB4KRN4D0YHDFHIPLPCIW', NULL, NULL, NULL, 'EFM0RT', NULL, 1, NULL, '80977', 1, '15.93', 30, 5, 0, 0, 0, 0, '0', '1', 0, 0, NULL, '$2y$10$6sKg7MGVAiNoUse/3fnecedxmZVT38ku3F1.a8I.OUXmghGFc3hK2', NULL, '2022-10-29 08:45:18', '2022-10-29 08:57:39'),
(32, 'Zane Campos', 'level4', 'user-default.png', 'level4@test.com', '+880', '1994436732', 'T8JDJCPYNJLZ2LD2VHQFRVOVB5H5J5JT', NULL, NULL, NULL, 'FKE4GX', NULL, 1, NULL, '99552', 1, '20.41', 31, 1, 1, 1, 0, 0, '0', '2022-11-28 14:46:00', 0, 0, NULL, '$2y$10$m0CuqVDYnCjAFaR9L7g3z.aZq84IyReOx5LodwKnQi8GDGbrGeHMK', NULL, '2022-10-29 08:46:00', '2022-10-29 08:57:39'),
(33, 'Abraham Mann', 'rukumysece', 'user-default.png', 'level5@test.com', '+880', '01910912122', 'ZKCW1WWTSX4HDNMXCUMNOMCQLDSNLWNH', NULL, NULL, NULL, 'EG9AQJ', NULL, 1, NULL, '25780', 1, '17.4', 32, 6, 1, 1, 0, 0, '0', '1', 0, 0, NULL, '$2y$10$YEgWGg4jyb28VFjeB6nUQ.lAI7dGVamoDrcx3eV4Va6jvLvXn5fPS', NULL, '2022-10-29 08:46:40', '2022-10-29 08:57:39'),
(34, 'Medge Cameron', 'level6', 'user-default.png', 'level6@test.com', '+880', '01897458606', 'KJNX3U2Y6WOQXVXV2QQQFHLKSVHOLTWB', NULL, NULL, NULL, 'J7P1UY', NULL, 1, NULL, '31921', 1, '0', 33, 5, 1, 0, 0, 0, '0', '1', 0, 0, NULL, '$2y$10$qPosZXFDN4dgFXD6O/pnDejDSyXXZOldgItMcgmXPifewJ3jj8z2i', NULL, '2022-10-29 08:47:26', '2022-10-29 08:55:37');

-- --------------------------------------------------------

--
-- Table structure for table `user_signals`
--

CREATE TABLE `user_signals` (
  `id` int(10) UNSIGNED NOT NULL,
  `user_id` int(11) NOT NULL,
  `signal_id` int(11) NOT NULL,
  `plan_id` int(11) NOT NULL,
  `whatsapp_alert` tinyint(1) NOT NULL DEFAULT 0,
  `telegram_alert` tinyint(1) NOT NULL DEFAULT 0,
  `email_alert` tinyint(1) NOT NULL DEFAULT 0,
  `sms_alert` tinyint(1) NOT NULL DEFAULT 0,
  `whatsapp_attempt` tinyint(4) NOT NULL DEFAULT 0,
  `telegram_attempt` tinyint(4) NOT NULL DEFAULT 0,
  `email_attempt` tinyint(4) NOT NULL DEFAULT 0,
  `sms_attempt` tinyint(4) NOT NULL DEFAULT 0,
  `status` tinyint(1) NOT NULL DEFAULT 0,
  `created_at` timestamp NULL DEFAULT NULL,
  `updated_at` timestamp NULL DEFAULT NULL
) ENGINE=InnoDB DEFAULT CHARSET=utf8mb4 COLLATE=utf8mb4_unicode_ci;

--
-- Dumping data for table `user_signals`
--

INSERT INTO `user_signals` (`id`, `user_id`, `signal_id`, `plan_id`, `whatsapp_alert`, `telegram_alert`, `email_alert`, `sms_alert`, `whatsapp_attempt`, `telegram_attempt`, `email_attempt`, `sms_attempt`, `status`, `created_at`, `updated_at`) VALUES
(13, 21, 7, 3, 0, 0, 0, 0, 0, 0, 0, 3, 0, '2022-10-24 07:21:56', '2022-10-24 10:23:44'),
(14, 12, 7, 2, 0, 0, 0, 0, 0, 1, 0, 4, 0, '2022-10-24 07:21:56', '2022-10-24 10:21:33'),
(17, 21, 8, 3, 0, 0, 1, 1, 0, 0, 0, 0, 0, '2022-10-27 11:03:10', '2022-10-27 11:03:10'),
(21, 21, 3, 3, 0, 0, 1, 1, 0, 0, 0, 0, 0, '2022-10-27 11:16:47', '2022-10-27 11:16:47'),
(22, 12, 3, 2, 0, 1, 1, 1, 0, 0, 0, 0, 0, '2022-10-27 11:16:47', '2022-10-27 11:16:47'),
(23, 25, 3, 1, 0, 0, 1, 1, 0, 0, 0, 0, 0, '2022-10-27 11:16:47', '2022-10-27 11:16:47');

-- --------------------------------------------------------

--
-- Table structure for table `whatsapp_drivers`
--

CREATE TABLE `whatsapp_drivers` (
  `id` bigint(20) UNSIGNED NOT NULL,
  `name` varchar(191) COLLATE utf8mb4_unicode_ci NOT NULL,
  `driver` varchar(191) COLLATE utf8mb4_unicode_ci NOT NULL,
  `image` varchar(191) COLLATE utf8mb4_unicode_ci NOT NULL,
  `data` longtext CHARACTER SET utf8mb4 COLLATE utf8mb4_bin DEFAULT NULL,
  `status` tinyint(1) NOT NULL DEFAULT 0,
  `created_at` timestamp NULL DEFAULT NULL,
  `updated_at` timestamp NULL DEFAULT NULL
) ENGINE=InnoDB DEFAULT CHARSET=utf8mb4 COLLATE=utf8mb4_unicode_ci;

--
-- Dumping data for table `whatsapp_drivers`
--

INSERT INTO `whatsapp_drivers` (`id`, `name`, `driver`, `image`, `data`, `status`, `created_at`, `updated_at`) VALUES
(1, 'Vonage', 'vonage', 'vonage_1666285055.png', '{\"sender_number\":\"14157386102\",\"apiKey\":\"2c948b64\",\"apiSecret\":\"JE1rTMzBa0mge5d8\",\"env\":\"sandbox\"}', 1, NULL, '2022-10-20 11:10:27'),
(2, 'Twilio', 'twilio', 'twilio_1666286553.jpg', '{\"sender_number\":\"+14155238886\",\"sid\":\"ACe6d5be9584bbbf36e7becd296c9efe39\",\"token\":\"cb90d96922846a6ae606a1306f6b3844\"}', 1, NULL, '2022-10-23 13:06:49'),
(3, 'Sendchamp', 'sendchamp', 'sendchamp_1666292816.png', '{\"sender_number\":\"8801571118839\",\"secret\":\"*---------------------*\"}', 1, NULL, '2022-10-23 12:50:52'),
(4, 'Chat-Api PHP Hive', 'chatapi', 'chatapi_1666298394.jpg', '{\"sender_number\":\"asdasd\",\"token\":\"cb90d96922846a6ae606a1306f6b3844\"}', 1, NULL, '2022-10-20 14:39:54'),
(5, 'Ultramsg', 'ultramsg', 'ultramsg_1666297223.png', '{\"sender_number\":\"01571118839\",\"token\":\"wnare5bwiz8f3jud\",\"instance\":\"instance21031\"}', 1, NULL, '2022-10-23 13:26:43');

-- --------------------------------------------------------

--
-- Table structure for table `withdraw_logs`
--

CREATE TABLE `withdraw_logs` (
  `id` int(10) UNSIGNED NOT NULL,
  `custom` varchar(191) COLLATE utf8mb4_unicode_ci NOT NULL,
  `user_id` int(11) NOT NULL,
  `method_id` tinyint(4) NOT NULL,
  `amount` varchar(255) COLLATE utf8mb4_unicode_ci NOT NULL,
  `charge` varchar(255) COLLATE utf8mb4_unicode_ci NOT NULL,
  `details` text COLLATE utf8mb4_unicode_ci NOT NULL,
  `status` tinyint(4) NOT NULL,
  `created_at` timestamp NULL DEFAULT NULL,
  `updated_at` timestamp NULL DEFAULT NULL
) ENGINE=InnoDB DEFAULT CHARSET=utf8mb4 COLLATE=utf8mb4_unicode_ci;

-- --------------------------------------------------------

--
-- Table structure for table `withdraw_methods`
--

CREATE TABLE `withdraw_methods` (
  `id` int(10) UNSIGNED NOT NULL,
  `name` varchar(255) COLLATE utf8mb4_unicode_ci NOT NULL,
  `image` varchar(255) COLLATE utf8mb4_unicode_ci NOT NULL,
  `duration` int(11) NOT NULL,
  `withdraw_min` varchar(255) COLLATE utf8mb4_unicode_ci NOT NULL,
  `withdraw_max` varchar(255) COLLATE utf8mb4_unicode_ci NOT NULL,
  `charge` varchar(255) COLLATE utf8mb4_unicode_ci NOT NULL,
  `status` tinyint(1) NOT NULL DEFAULT 0,
  `created_at` timestamp NULL DEFAULT NULL,
  `updated_at` timestamp NULL DEFAULT NULL
) ENGINE=InnoDB DEFAULT CHARSET=utf8mb4 COLLATE=utf8mb4_unicode_ci;

--
-- Dumping data for table `withdraw_methods`
--

INSERT INTO `withdraw_methods` (`id`, `name`, `image`, `duration`, `withdraw_min`, `withdraw_max`, `charge`, `status`, `created_at`, `updated_at`) VALUES
(2, 'Paypal', 'withdraw_method1547392690.png', 7, '10', '1000', '10', 1, '2018-01-07 06:52:44', '2019-01-13 15:18:10'),
(3, 'Perfect Money', 'withdraw_method1515309951.png', 7, '15', '1000', '15', 1, '2018-01-07 07:25:51', '2020-02-18 20:31:48'),
(4, 'BTC Wallet', 'withdraw_method1547392763.jpg', 7, '20', '1000', '20', 1, '2018-01-07 07:26:34', '2019-01-13 15:19:23'),
(5, 'Webmoney', 'withdraw_method1547392818.png', 7, '10', '1000', '10', 1, '2018-01-13 14:17:39', '2019-01-13 15:20:18'),
(6, 'Western Union', 'withdraw_method1547392245.jpg', 7, '200', '1000', '40', 1, '2018-12-22 14:40:00', '2019-01-13 15:16:10'),
(8, 'Skrill', 'withdraw_method1547393060.png', 7, '10', '1000', '10', 1, '2019-01-13 15:13:29', '2019-01-13 15:24:20');

--
-- Indexes for dumped tables
--

--
-- Indexes for table `admins`
--
ALTER TABLE `admins`
  ADD PRIMARY KEY (`id`),
  ADD UNIQUE KEY `admins_email_unique` (`email`);

--
-- Indexes for table `assets`
--
ALTER TABLE `assets`
  ADD PRIMARY KEY (`id`);

--
-- Indexes for table `basic_settings`
--
ALTER TABLE `basic_settings`
  ADD PRIMARY KEY (`id`);

--
-- Indexes for table `categories`
--
ALTER TABLE `categories`
  ADD PRIMARY KEY (`id`);

--
-- Indexes for table `database_backups`
--
ALTER TABLE `database_backups`
  ADD PRIMARY KEY (`id`);

--
-- Indexes for table `email_drivers`
--
ALTER TABLE `email_drivers`
  ADD PRIMARY KEY (`id`);

--
-- Indexes for table `email_settings`
--
ALTER TABLE `email_settings`
  ADD PRIMARY KEY (`id`);

--
-- Indexes for table `failed_jobs`
--
ALTER TABLE `failed_jobs`
  ADD PRIMARY KEY (`id`),
  ADD UNIQUE KEY `failed_jobs_uuid_unique` (`uuid`);

--
-- Indexes for table `frames`
--
ALTER TABLE `frames`
  ADD PRIMARY KEY (`id`);

--
-- Indexes for table `members`
--
ALTER TABLE `members`
  ADD PRIMARY KEY (`id`);

--
-- Indexes for table `menus`
--
ALTER TABLE `menus`
  ADD PRIMARY KEY (`id`);

--
-- Indexes for table `migrations`
--
ALTER TABLE `migrations`
  ADD PRIMARY KEY (`id`);

--
-- Indexes for table `partners`
--
ALTER TABLE `partners`
  ADD PRIMARY KEY (`id`);

--
-- Indexes for table `password_resets`
--
ALTER TABLE `password_resets`
  ADD KEY `password_resets_email_index` (`email`);

--
-- Indexes for table `payment_logs`
--
ALTER TABLE `payment_logs`
  ADD PRIMARY KEY (`id`);

--
-- Indexes for table `payment_log_images`
--
ALTER TABLE `payment_log_images`
  ADD PRIMARY KEY (`id`);

--
-- Indexes for table `payment_methods`
--
ALTER TABLE `payment_methods`
  ADD PRIMARY KEY (`id`);

--
-- Indexes for table `personal_access_tokens`
--
ALTER TABLE `personal_access_tokens`
  ADD PRIMARY KEY (`id`),
  ADD UNIQUE KEY `personal_access_tokens_token_unique` (`token`),
  ADD KEY `personal_access_tokens_tokenable_type_tokenable_id_index` (`tokenable_type`,`tokenable_id`);

--
-- Indexes for table `plans`
--
ALTER TABLE `plans`
  ADD PRIMARY KEY (`id`);

--
-- Indexes for table `posts`
--
ALTER TABLE `posts`
  ADD PRIMARY KEY (`id`);

--
-- Indexes for table `referral_levels`
--
ALTER TABLE `referral_levels`
  ADD PRIMARY KEY (`id`);

--
-- Indexes for table `sections`
--
ALTER TABLE `sections`
  ADD PRIMARY KEY (`id`);

--
-- Indexes for table `signals`
--
ALTER TABLE `signals`
  ADD PRIMARY KEY (`id`);

--
-- Indexes for table `signal_comments`
--
ALTER TABLE `signal_comments`
  ADD PRIMARY KEY (`id`);

--
-- Indexes for table `signal_plans`
--
ALTER TABLE `signal_plans`
  ADD PRIMARY KEY (`id`);

--
-- Indexes for table `signal_ratings`
--
ALTER TABLE `signal_ratings`
  ADD PRIMARY KEY (`id`);

--
-- Indexes for table `sliders`
--
ALTER TABLE `sliders`
  ADD PRIMARY KEY (`id`);

--
-- Indexes for table `sms_gateways`
--
ALTER TABLE `sms_gateways`
  ADD PRIMARY KEY (`id`);

--
-- Indexes for table `socials`
--
ALTER TABLE `socials`
  ADD PRIMARY KEY (`id`);

--
-- Indexes for table `specialities`
--
ALTER TABLE `specialities`
  ADD PRIMARY KEY (`id`);

--
-- Indexes for table `staff`
--
ALTER TABLE `staff`
  ADD PRIMARY KEY (`id`),
  ADD UNIQUE KEY `staff_email_unique` (`email`);

--
-- Indexes for table `statuses`
--
ALTER TABLE `statuses`
  ADD PRIMARY KEY (`id`);

--
-- Indexes for table `subscribes`
--
ALTER TABLE `subscribes`
  ADD PRIMARY KEY (`id`);

--
-- Indexes for table `subscribe_messages`
--
ALTER TABLE `subscribe_messages`
  ADD PRIMARY KEY (`id`);

--
-- Indexes for table `subscribe_message_cron`
--
ALTER TABLE `subscribe_message_cron`
  ADD PRIMARY KEY (`id`);

--
-- Indexes for table `symbols`
--
ALTER TABLE `symbols`
  ADD PRIMARY KEY (`id`);

--
-- Indexes for table `telegram_drivers`
--
ALTER TABLE `telegram_drivers`
  ADD PRIMARY KEY (`id`);

--
-- Indexes for table `testimonials`
--
ALTER TABLE `testimonials`
  ADD PRIMARY KEY (`id`);

--
-- Indexes for table `transaction_logs`
--
ALTER TABLE `transaction_logs`
  ADD PRIMARY KEY (`id`);

--
-- Indexes for table `types`
--
ALTER TABLE `types`
  ADD PRIMARY KEY (`id`);

--
-- Indexes for table `users`
--
ALTER TABLE `users`
  ADD PRIMARY KEY (`id`),
  ADD UNIQUE KEY `users_email_unique` (`email`),
  ADD UNIQUE KEY `username` (`username`);

--
-- Indexes for table `user_signals`
--
ALTER TABLE `user_signals`
  ADD PRIMARY KEY (`id`);

--
-- Indexes for table `whatsapp_drivers`
--
ALTER TABLE `whatsapp_drivers`
  ADD PRIMARY KEY (`id`);

--
-- Indexes for table `withdraw_logs`
--
ALTER TABLE `withdraw_logs`
  ADD PRIMARY KEY (`id`);

--
-- Indexes for table `withdraw_methods`
--
ALTER TABLE `withdraw_methods`
  ADD PRIMARY KEY (`id`);

--
-- AUTO_INCREMENT for dumped tables
--

--
-- AUTO_INCREMENT for table `admins`
--
ALTER TABLE `admins`
  MODIFY `id` int(10) UNSIGNED NOT NULL AUTO_INCREMENT, AUTO_INCREMENT=3;

--
-- AUTO_INCREMENT for table `assets`
--
ALTER TABLE `assets`
  MODIFY `id` int(10) UNSIGNED NOT NULL AUTO_INCREMENT, AUTO_INCREMENT=8;

--
-- AUTO_INCREMENT for table `basic_settings`
--
ALTER TABLE `basic_settings`
  MODIFY `id` int(10) UNSIGNED NOT NULL AUTO_INCREMENT, AUTO_INCREMENT=2;

--
-- AUTO_INCREMENT for table `categories`
--
ALTER TABLE `categories`
  MODIFY `id` int(10) UNSIGNED NOT NULL AUTO_INCREMENT, AUTO_INCREMENT=12;

--
-- AUTO_INCREMENT for table `database_backups`
--
ALTER TABLE `database_backups`
  MODIFY `id` int(10) UNSIGNED NOT NULL AUTO_INCREMENT, AUTO_INCREMENT=7;

--
-- AUTO_INCREMENT for table `email_drivers`
--
ALTER TABLE `email_drivers`
  MODIFY `id` bigint(20) UNSIGNED NOT NULL AUTO_INCREMENT, AUTO_INCREMENT=8;

--
-- AUTO_INCREMENT for table `email_settings`
--
ALTER TABLE `email_settings`
  MODIFY `id` int(10) UNSIGNED NOT NULL AUTO_INCREMENT, AUTO_INCREMENT=2;

--
-- AUTO_INCREMENT for table `failed_jobs`
--
ALTER TABLE `failed_jobs`
  MODIFY `id` bigint(20) UNSIGNED NOT NULL AUTO_INCREMENT;

--
-- AUTO_INCREMENT for table `frames`
--
ALTER TABLE `frames`
  MODIFY `id` int(10) UNSIGNED NOT NULL AUTO_INCREMENT, AUTO_INCREMENT=10;

--
-- AUTO_INCREMENT for table `members`
--
ALTER TABLE `members`
  MODIFY `id` int(10) UNSIGNED NOT NULL AUTO_INCREMENT, AUTO_INCREMENT=6;

--
-- AUTO_INCREMENT for table `menus`
--
ALTER TABLE `menus`
  MODIFY `id` int(10) UNSIGNED NOT NULL AUTO_INCREMENT, AUTO_INCREMENT=5;

--
-- AUTO_INCREMENT for table `migrations`
--
ALTER TABLE `migrations`
  MODIFY `id` int(10) UNSIGNED NOT NULL AUTO_INCREMENT, AUTO_INCREMENT=20;

--
-- AUTO_INCREMENT for table `partners`
--
ALTER TABLE `partners`
  MODIFY `id` int(10) UNSIGNED NOT NULL AUTO_INCREMENT, AUTO_INCREMENT=6;

--
-- AUTO_INCREMENT for table `payment_logs`
--
ALTER TABLE `payment_logs`
  MODIFY `id` int(10) UNSIGNED NOT NULL AUTO_INCREMENT, AUTO_INCREMENT=87;

--
-- AUTO_INCREMENT for table `payment_log_images`
--
ALTER TABLE `payment_log_images`
  MODIFY `id` int(10) UNSIGNED NOT NULL AUTO_INCREMENT, AUTO_INCREMENT=8;

--
-- AUTO_INCREMENT for table `payment_methods`
--
ALTER TABLE `payment_methods`
  MODIFY `id` int(10) UNSIGNED NOT NULL AUTO_INCREMENT, AUTO_INCREMENT=1022;

--
-- AUTO_INCREMENT for table `personal_access_tokens`
--
ALTER TABLE `personal_access_tokens`
  MODIFY `id` bigint(20) UNSIGNED NOT NULL AUTO_INCREMENT;

--
-- AUTO_INCREMENT for table `plans`
--
ALTER TABLE `plans`
  MODIFY `id` int(10) UNSIGNED NOT NULL AUTO_INCREMENT, AUTO_INCREMENT=8;

--
-- AUTO_INCREMENT for table `posts`
--
ALTER TABLE `posts`
  MODIFY `id` int(10) UNSIGNED NOT NULL AUTO_INCREMENT, AUTO_INCREMENT=15;

--
-- AUTO_INCREMENT for table `referral_levels`
--
ALTER TABLE `referral_levels`
  MODIFY `id` bigint(20) UNSIGNED NOT NULL AUTO_INCREMENT, AUTO_INCREMENT=7;

--
-- AUTO_INCREMENT for table `sections`
--
ALTER TABLE `sections`
  MODIFY `id` int(10) UNSIGNED NOT NULL AUTO_INCREMENT, AUTO_INCREMENT=2;

--
-- AUTO_INCREMENT for table `signals`
--
ALTER TABLE `signals`
  MODIFY `id` int(10) UNSIGNED NOT NULL AUTO_INCREMENT, AUTO_INCREMENT=9;

--
-- AUTO_INCREMENT for table `signal_comments`
--
ALTER TABLE `signal_comments`
  MODIFY `id` int(10) UNSIGNED NOT NULL AUTO_INCREMENT;

--
-- AUTO_INCREMENT for table `signal_plans`
--
ALTER TABLE `signal_plans`
  MODIFY `id` int(10) UNSIGNED NOT NULL AUTO_INCREMENT, AUTO_INCREMENT=178;

--
-- AUTO_INCREMENT for table `signal_ratings`
--
ALTER TABLE `signal_ratings`
  MODIFY `id` int(10) UNSIGNED NOT NULL AUTO_INCREMENT, AUTO_INCREMENT=2;

--
-- AUTO_INCREMENT for table `sliders`
--
ALTER TABLE `sliders`
  MODIFY `id` int(10) UNSIGNED NOT NULL AUTO_INCREMENT, AUTO_INCREMENT=34;

--
-- AUTO_INCREMENT for table `sms_gateways`
--
ALTER TABLE `sms_gateways`
  MODIFY `id` bigint(20) UNSIGNED NOT NULL AUTO_INCREMENT, AUTO_INCREMENT=24;

--
-- AUTO_INCREMENT for table `socials`
--
ALTER TABLE `socials`
  MODIFY `id` int(10) UNSIGNED NOT NULL AUTO_INCREMENT, AUTO_INCREMENT=9;

--
-- AUTO_INCREMENT for table `specialities`
--
ALTER TABLE `specialities`
  MODIFY `id` int(10) UNSIGNED NOT NULL AUTO_INCREMENT, AUTO_INCREMENT=8;

--
-- AUTO_INCREMENT for table `staff`
--
ALTER TABLE `staff`
  MODIFY `id` int(10) UNSIGNED NOT NULL AUTO_INCREMENT, AUTO_INCREMENT=7;

--
-- AUTO_INCREMENT for table `statuses`
--
ALTER TABLE `statuses`
  MODIFY `id` int(10) UNSIGNED NOT NULL AUTO_INCREMENT, AUTO_INCREMENT=12;

--
-- AUTO_INCREMENT for table `subscribes`
--
ALTER TABLE `subscribes`
  MODIFY `id` int(10) UNSIGNED NOT NULL AUTO_INCREMENT;

--
-- AUTO_INCREMENT for table `subscribe_messages`
--
ALTER TABLE `subscribe_messages`
  MODIFY `id` int(11) NOT NULL AUTO_INCREMENT, AUTO_INCREMENT=7;

--
-- AUTO_INCREMENT for table `subscribe_message_cron`
--
ALTER TABLE `subscribe_message_cron`
  MODIFY `id` int(11) NOT NULL AUTO_INCREMENT, AUTO_INCREMENT=15;

--
-- AUTO_INCREMENT for table `symbols`
--
ALTER TABLE `symbols`
  MODIFY `id` int(10) UNSIGNED NOT NULL AUTO_INCREMENT, AUTO_INCREMENT=48;

--
-- AUTO_INCREMENT for table `telegram_drivers`
--
ALTER TABLE `telegram_drivers`
  MODIFY `id` bigint(20) UNSIGNED NOT NULL AUTO_INCREMENT, AUTO_INCREMENT=3;

--
-- AUTO_INCREMENT for table `testimonials`
--
ALTER TABLE `testimonials`
  MODIFY `id` int(10) UNSIGNED NOT NULL AUTO_INCREMENT, AUTO_INCREMENT=7;

--
-- AUTO_INCREMENT for table `transaction_logs`
--
ALTER TABLE `transaction_logs`
  MODIFY `id` int(10) UNSIGNED NOT NULL AUTO_INCREMENT, AUTO_INCREMENT=13;

--
-- AUTO_INCREMENT for table `types`
--
ALTER TABLE `types`
  MODIFY `id` int(10) UNSIGNED NOT NULL AUTO_INCREMENT, AUTO_INCREMENT=10;

--
-- AUTO_INCREMENT for table `users`
--
ALTER TABLE `users`
  MODIFY `id` int(10) UNSIGNED NOT NULL AUTO_INCREMENT, AUTO_INCREMENT=35;

--
-- AUTO_INCREMENT for table `user_signals`
--
ALTER TABLE `user_signals`
  MODIFY `id` int(10) UNSIGNED NOT NULL AUTO_INCREMENT, AUTO_INCREMENT=24;

--
-- AUTO_INCREMENT for table `whatsapp_drivers`
--
ALTER TABLE `whatsapp_drivers`
  MODIFY `id` bigint(20) UNSIGNED NOT NULL AUTO_INCREMENT, AUTO_INCREMENT=6;

--
-- AUTO_INCREMENT for table `withdraw_logs`
--
ALTER TABLE `withdraw_logs`
  MODIFY `id` int(10) UNSIGNED NOT NULL AUTO_INCREMENT;

--
-- AUTO_INCREMENT for table `withdraw_methods`
--
ALTER TABLE `withdraw_methods`
  MODIFY `id` int(10) UNSIGNED NOT NULL AUTO_INCREMENT, AUTO_INCREMENT=9;
COMMIT;

/*!40101 SET CHARACTER_SET_CLIENT=@OLD_CHARACTER_SET_CLIENT */;
/*!40101 SET CHARACTER_SET_RESULTS=@OLD_CHARACTER_SET_RESULTS */;
/*!40101 SET COLLATION_CONNECTION=@OLD_COLLATION_CONNECTION */;
